item,sales_doc,planned_finish_date,planned_start_date,production_line,order_quantity,material_description,material,production_number,actual,predicted,error,abs_error,pct_error
1001.0,504583270.0,2025-08-01,2025-07-30,VSC,5,ConVac 12 fix. mechnical latched version,CDX6291204R5012,1351239383.0,1.0,1.1299261,-0.12992608547210693,0.12992608547210693,12.992595554615141
2001.0,504582617.0,2025-08-02,2025-07-30,VSC,1,VSC/P 12kV-400A 110V SCO,CDX6091204R5003,1351239386.0,2.0,1.4150611,0.5849388837814331,0.5849388837814331,29.246929565606873
1001.0,504583882.0,2025-08-02,2025-07-31,VSC,2,VSC/F 12kV-400A 220V SCO Fixed Ver.,CDX6091204R5021,1351239681.0,1.0,1.3574743,-0.35747432708740234,0.35747432708740234,35.74739696134328
4503.0,504050697.0,2025-08-03,2025-07-31,VSC,15,"VSC/P 7,2kV-400A 110V SCO",CDX6090704R5003,1351239680.0,2.0,2.5542858,-0.5542857646942139,0.5542857646942139,27.7142743775735
6001.0,504492144.0,2025-08-04,2025-08-01,VSC,4,VSC/P 12kV-400A 110V DCO,CDX6091204R5004,1351239912.0,3.0,2.3034723,0.6965277194976807,0.6965277194976807,23.217582910728385
1503.0,504333624.0,2025-08-04,2025-08-01,VSC,12,"VSC/P 7,2kV-400A 220V DCO",CDX6090704R5002,1351239910.0,3.0,2.3750894,0.6249105930328369,0.6249105930328369,20.83034615764584
999301.0,504147153.0,2025-08-05,2025-08-01,VSC,1,ConVac 12 fixed electrical latched ver.,CDX6291204R5011,1351240001.0,0.0,0.7443186,-0.7443186044692993,0.7443186044692993,74431860.44692993
1911.0,504565227.0,2025-08-04,2025-08-01,VSC,1,VSC/P 12kV-400A 220V DCO,CDX6091204R5002,1351239913.0,3.0,2.314992,0.6850080490112305,0.6850080490112305,22.833594022509672
1001.0,504555924.0,2025-08-04,2025-08-02,VSC,2,ConVac 7 fixed electrical latched ver.,CDX6290704R5011,1351240009.0,0.0,0.9527568,-0.9527568221092224,0.9527568221092224,95275682.21092224
999305.0,504544132.0,2025-08-05,2025-08-01,VSC,1,ConVac 12 draw out mechan. latched ver.,CDX6291204R5002,1351240397.0,4.0,1.6880344,2.311965584754944,2.311965584754944,57.7991251690923
1001.0,504586415.0,2025-08-05,2025-08-02,VSC,2,"VSC/P 7,2kV-400A 110V SCO",CDX6090704R5003,1351240008.0,3.0,1.9400522,1.0599478483200073,1.0599478483200073,35.33158316680585
6002.0,504492144.0,2025-08-05,2025-08-02,VSC,2,VSC/P 12kV-400A 110V DCO,CDX6091204R5004,1351240004.0,2.0,2.170029,-0.1700289249420166,0.1700289249420166,8.501441996379832
2001.0,504587534.0,2025-08-04,2025-08-02,VSC,1,VSC 12kV-400A 220V SCO Fixed Ver.,CDX6091204R5011,1351240011.0,2.0,1.021237,0.9787629842758179,0.9787629842758179,48.93812474472852
1504.0,504207893.0,2025-08-04,2025-08-02,VSC,2,ConVac 12 draw out mechan. latched ver.,CDX6291204R5002,1351240007.0,0.0,1.796782,-1.7967820167541504,1.7967820167541504,179678201.67541504
3001.0,504507200.0,2025-08-04,2025-08-02,VSC,2,ConVac 7 fixed electrical latched ver.,CDX6290704R5011,1351240005.0,0.0,0.9527568,-0.9527568221092224,0.9527568221092224,95275682.21092224
1001.0,504587534.0,2025-08-04,2025-08-02,VSC,1,ConVac 12 draw out mechan. latched ver.,CDX6291204R5002,1351240010.0,2.0,1.7948964,0.20510363578796387,0.20510363578796387,10.255176661809863
1001.0,504587113.0,2025-08-04,2025-08-02,VSC,1,ConVac 12 draw out mechan. latched ver.,CDX6291204R5002,1351240006.0,0.0,1.7948964,-1.7948963642120361,1.7948963642120361,179489636.4212036
1001.0,504587114.0,2025-08-06,2025-08-04,VSC,3,VSC-S/GB 12kV-400A SCO Fixed Ver.,CDX6091204R5017,1351240645.0,1.0,1.1584599,-0.15845990180969238,0.15845990180969238,15.845974334994906
3503.0,504050697.0,2025-08-07,2025-08-04,VSC,12,"VSC/P 7,2kV-400A 110V DCO",CDX6090704R5004,1351240642.0,1.0,1.9918401,-0.991840124130249,0.991840124130249,99.18391322911168
1910.0,504544340.0,2025-08-07,2025-08-04,VSC,2,VSC/P 12kV-400A 220V DCO,CDX6091204R5002,1351240646.0,2.0,1.5250998,0.4749002456665039,0.4749002456665039,23.745000410824986
1001.0,504582008.0,2025-08-06,2025-08-04,VSC,6,ConVac 12 fixed electrical latched ver.,CDX6291204R5011,1351240654.0,1.0,1.0773141,-0.07731413841247559,0.07731413841247559,7.731406109841449
1001.0,504539022.0,2025-08-07,2025-08-05,VSC,1,ConVac 7 draw out electr. latched ver.,CDX6290704R5001,1351240746.0,2.0,1.3022572,0.6977428197860718,0.6977428197860718,34.887123545741815
1001.0,504590791.0,2025-08-07,2025-08-05,VSC,4,ConVac 12 draw out mechan. latched ver.,CDX6291204R5002,1351240744.0,2.0,1.4444463,0.555553674697876,0.555553674697876,27.77766984605887
1001.0,504539023.0,2025-08-07,2025-08-05,VSC,4,ConVac 7 draw out electr. latched ver.,CDX6290704R5001,1351240747.0,3.0,1.4503258,1.549674153327942,1.549674153327942,51.655787892335425
1001.0,504589041.0,2025-08-08,2025-08-05,VSC,6,VSC/P 12kV-400A 220V DCO,CDX6091204R5002,1351240745.0,1.0,1.7988389,-0.7988388538360596,0.7988388538360596,79.88380549980046
1001.0,504590790.0,2025-08-08,2025-08-06,VSC,6,ConVac 12 fix. mechnical latched version,CDX6291204R5012,1351240996.0,1.0,1.4033418,-0.40334177017211914,0.40334177017211914,40.334136683075236
2001.0,504591146.0,2025-08-09,2025-08-06,VSC,3,VSC/P 12kV-400A 220V DCO,CDX6091204R5002,1351240994.0,1.0,1.7440488,-0.7440488338470459,0.7440488338470459,74.40480897989562
1001.0,504539024.0,2025-08-08,2025-08-06,VSC,10,ConVac 7 draw out electr. latched ver.,CDX6290704R5001,1351240995.0,2.0,1.9648288,0.03517115116119385,0.03517115116119385,1.758556678781353
1911.0,504587126.0,2025-08-09,2025-08-07,VSC,2,ConVac 12 draw out mechan. latched ver.,CDX6291204R5002,1351241527.0,2.0,1.7344208,0.2655792236328125,0.2655792236328125,13.278954542163355
1001.0,504539028.0,2025-08-09,2025-08-07,VSC,12,ConVac 7 draw out electr. latched ver.,CDX6290704R5001,1351241525.0,2.0,2.0394504,-0.03945040702819824,0.03945040702819824,1.9725193651502295
999303.0,504274548.0,2025-08-09,2025-08-07,VSC,1,ConVac 7 fixed mechnical latched version,CDX6290704R5012,1351241561.0,0.0,0.821755,-0.8217549920082092,0.8217549920082092,82175499.20082092
1001.0,504593577.0,2025-08-09,2025-08-07,VSC,1,VSC 12kV-400A 220V SCO Fixed Ver.,CDX6091204R5011,1351241528.0,4.0,0.9209209,3.0790790915489197,3.0790790915489197,76.97695804448348
1001.0,504585410.0,2025-08-09,2025-08-07,VSC,2,ConVac 7 draw out electr. latched ver.,CDX6290704R5001,1351241526.0,2.0,1.7403003,0.2596997022628784,0.2596997022628784,12.98497862065461
1001.0,504539025.0,2025-08-10,2025-08-08,VSC,4,ConVac 7 draw out electr. latched ver.,CDX6290704R5001,1351241833.0,1.0,1.9436039,-0.9436038732528687,0.9436038732528687,94.3602929649939
1001.0,504592930.0,2025-08-10,2025-08-08,VSC,8,ConVac 12 fixed electrical latched ver.,CDX6291204R5011,1351241835.0,1.0,1.6470951,-0.6470950841903687,0.6470950841903687,64.70944370959316
1781.0,504577861.0,2025-08-10,2025-08-08,VSC,3,ConVac 12 draw out mechan. latched ver.,CDX6291204R5002,1351241834.0,3.0,1.9669223,1.0330777168273926,1.0330777168273926,34.435912415608946
1001.0,504587884.0,2025-08-11,2025-08-09,VSC,4,ConVac 12 fixed electrical latched ver.,CDX6291204R5011,1351242217.0,0.0,1.2795726,-1.279572606086731,1.279572606086731,127957260.6086731
1001.0,504585405.0,2025-08-11,2025-08-09,VSC,8,ConVac 12 fixed electrical latched ver.,CDX6291204R5011,1351242216.0,0.0,1.5783492,-1.578349232673645,1.578349232673645,157834923.2673645
1001.0,504589315.0,2025-08-11,2025-08-09,VSC,10,ConVac 7 draw out mechan. latched ver.,CDX6290704R5002,1351242218.0,6.0,2.3251898,3.6748101711273193,3.6748101711273193,61.246825977650985
1001.0,504596289.0,2025-08-13,2025-08-11,VSC,2,"VSC 7,2kV-400A 220V SCO Fixed Ver.",CDX6090704R5011,1351242384.0,0.0,0.96492136,-0.9649213552474976,0.9649213552474976,96492135.52474976
1001.0,504596287.0,2025-08-13,2025-08-11,VSC,4,ConVac 7 fixed electrical latched ver.,CDX6290704R5011,1351242385.0,1.0,0.985603,0.014397025108337402,0.014397025108337402,1.4397010711326692
1001.0,504596291.0,2025-08-13,2025-08-11,VSC,10,ConVac 7 draw out electr. latched ver.,CDX6290704R5001,1351242386.0,2.0,1.9418519,0.05814814567565918,0.05814814567565918,2.9074058300800436
1001.0,504593578.0,2025-08-14,2025-08-12,VSC,16,ConVac 12 draw out mechan. latched ver.,CDX6291204R5002,1351242441.0,7.0,2.031155,4.968844890594482,4.968844890594482,70.9834882965657
1001.0,504597857.0,2025-08-15,2025-08-13,VSC,2,"VSC 7,2kV-400A 110V DCO Fixed Ver.",CDX6090704R5014,1351242436.0,0.0,1.2273729,-1.2273728847503662,1.2273728847503662,122737288.47503662
5503.0,504050697.0,2025-08-16,2025-08-13,VSC,15,"VSC/P 7,2kV-400A 110V SCO",CDX6090704R5003,1351242437.0,5.0,2.3509347,2.6490652561187744,2.6490652561187744,52.981294526116585
1001.0,504597855.0,2025-08-15,2025-08-13,VSC,1,ConVac 12 fix. mechnical latched version,CDX6291204R5012,1351242435.0,2.0,0.7672823,1.2327176928520203,1.2327176928520203,61.63585382467409
2002.0,504597119.0,2025-08-16,2025-08-14,VSC,4,ConVac 7 draw out electr. latched ver.,CDX6290704R5001,1351243269.0,1.0,1.7137605,-0.713760495185852,0.713760495185852,71.37597814260707
1001.0,504599662.0,2025-08-17,2025-08-14,VSC,3,"VSC/P 7,2kV-400A 110V DCO",CDX6090704R5004,1351243272.0,4.0,1.6488135,2.351186513900757,2.351186513900757,58.77964815260688
2001.0,504597119.0,2025-08-16,2025-08-14,VSC,4,ConVac 7 draw out electr. latched ver.,CDX6290704R5001,1351243268.0,1.0,1.7137605,-0.713760495185852,0.713760495185852,71.37597814260707
1001.0,504599222.0,2025-08-16,2025-08-14,VSC,2,ConVac 12 fixed electrical latched ver.,CDX6291204R5011,1351243270.0,1.0,0.8699662,0.13003379106521606,0.13003379106521606,13.003366103155503
1001.0,504599661.0,2025-08-16,2025-08-14,VSC,2,VSC 12kV-400A 110V SCO Fixed Ver.,CDX6091204R5013,1351243271.0,4.0,1.0086929,2.9913071393966675,2.9913071393966675,74.78265978925174
1001.0,504600329.0,2025-08-17,2025-08-15,VSC,15,ConVac 12 fixed electrical latched ver.,CDX6291204R5011,1351243665.0,1.0,1.6940196,-0.6940195560455322,0.6940195560455322,69.40188620266703
1001.0,504600919.0,2025-08-18,2025-08-16,VSC,2,ConVac 7 fixed electrical latched ver.,CDX6290704R5011,1351244234.0,0.0,0.91516083,-0.9151608347892761,0.9151608347892761,91516083.47892761
1501.0,504577491.0,2025-08-19,2025-08-16,VSC,5,"VSC/P 7,2kV-400A 220V SCO",CDX6090704R5001,1351244232.0,2.0,2.2268367,-0.2268366813659668,0.2268366813659668,11.341828397384141
2501.0,504577491.0,2025-08-19,2025-08-16,VSC,1,"VSC/P 7,2kV-400A 220V SCO",CDX6090704R5001,1351244233.0,2.0,1.7847427,0.21525728702545166,0.21525728702545166,10.762858969843098
1001.0,504599663.0,2025-08-18,2025-08-16,VSC,6,ConVac 7 fixed mechnical latched version,CDX6290704R5012,1351244235.0,0.0,1.9858189,-1.985818862915039,1.985818862915039,198581886.2915039
1001.0,504600923.0,2025-08-18,2025-08-16,VSC,1,ConVac 7 draw out mechan. latched ver.,CDX6290704R5002,1351244237.0,3.0,1.8082478,1.1917521953582764,1.1917521953582764,39.72505993692256
1001.0,504600918.0,2025-08-18,2025-08-16,VSC,1,"VSC 7,2kV-400A 220V SCO Fixed Ver.",CDX6090704R5011,1351244236.0,0.0,1.0286219,-1.0286219120025635,1.0286219120025635,102862191.20025635
9910.0,504459570.0,2025-08-18,2025-08-16,VSC,2,VSC 12kV-400A 110V SCO Fixed Ver.,CDX6091204R5013,1351244238.0,2.0,1.3319441,0.6680558919906616,0.6680558919906616,33.40277789814413
1001.0,504602564.0,2025-08-20,2025-08-18,VSC,6,"VSC 7,2kV-400A 220V DCO Fixed Ver.",CDX6090704R5012,1351244481.0,0.0,1.2044481,-1.2044481039047241,1.2044481039047241,120444810.39047241
1001.0,504600925.0,2025-08-20,2025-08-18,VSC,1,VSC 12kV-400A 220V SCO Fixed Ver.,CDX6091204R5011,1351244482.0,1.0,0.91393846,0.08606153726577759,0.08606153726577759,8.606145120432638
1001.0,504602566.0,2025-08-20,2025-08-18,VSC,1,ConVac 12 fixed electrical latched ver.,CDX6291204R5011,1351244483.0,1.0,0.699037,0.30096298456192017,0.30096298456192017,30.096268359923663
1001.0,504600329.0,2025-08-20,2025-08-18,VSC,7,ConVac 12 fixed electrical latched ver.,CDX6291204R5011,1351244480.0,1.0,1.2032533,-0.20325326919555664,0.20325326919555664,20.32530659424907
1001.0,504602565.0,2025-08-21,2025-08-19,VSC,2,ConVac 7 fixed electrical latched ver.,CDX6290704R5011,1351244579.0,1.0,0.87780565,0.12219434976577759,0.12219434976577759,12.219422757155003
1001.0,504602563.0,2025-08-21,2025-08-19,VSC,1,VSC 12kV-400A 110V SCO Fixed Ver.,CDX6091204R5013,1351244578.0,0.0,0.9371349,-0.9371349215507507,0.9371349215507507,93713492.15507507
1001.0,504601918.0,2025-08-21,2025-08-19,VSC,2,ConVac 12 fixed electrical latched ver.,CDX6291204R5011,1351244576.0,0.0,0.8426713,-0.842671275138855,0.842671275138855,84267127.5138855
1001.0,504601443.0,2025-08-21,2025-08-19,VSC,3,ConVac 12 draw out electr. latched ver.,CDX6291204R5001,1351244575.0,1.0,1.5695109,-0.5695109367370605,0.5695109367370605,56.951036722669336
1001.0,504601442.0,2025-08-21,2025-08-19,VSC,3,ConVac 12 draw out electr. latched ver.,CDX6291204R5001,1351244574.0,1.0,1.5695109,-0.5695109367370605,0.5695109367370605,56.951036722669336
1501.0,504554893.0,2025-08-22,2025-08-19,VSC,3,VSC/P 12kV-400A 110V SCO,CDX6091204R5003,1351244577.0,0.0,1.7671459,-1.7671458721160889,1.7671458721160889,176714587.2116089
1001.0,504603794.0,2025-08-22,2025-08-20,VSC,2,ConVac 12 fix. mechnical latched version,CDX6291204R5012,1351243314.0,1.0,0.93851066,0.06148934364318848,0.06148934364318848,6.148928215390632
1001.0,504589730.0,2025-08-22,2025-08-20,VSC,4,ConVac 12 fixed electrical latched ver.,CDX6291204R5011,1351243313.0,1.0,1.0265491,-0.026549100875854492,0.026549100875854492,2.6549074326780167
1001.0,504600920.0,2025-08-22,2025-08-20,VSC,11,ConVac 12 fixed electrical latched ver.,CDX6291204R5011,1351243312.0,1.0,1.2452979,-0.24529790878295898,0.24529790878295898,24.529766348529552
1001.0,504589043.0,2025-08-23,2025-08-21,VSC,10,ConVac 12 fix. mechnical latched version,CDX6291204R5012,1351245117.0,1.0,1.2327107,-0.23271071910858154,0.23271071910858154,23.271048639809518
1001.0,504605288.0,2025-08-23,2025-08-21,VSC,2,ConVac 12 fixed electrical latched ver.,CDX6291204R5011,1351245115.0,1.0,0.85999405,0.1400059461593628,0.1400059461593628,14.000580615355664
1502.0,504548310.0,2025-08-23,2025-08-21,VSC,8,ConVac 7 draw out mechan. latched ver.,CDX6290704R5002,1351245116.0,1.0,1.9545088,-0.9545087814331055,0.9545087814331055,95.45078269252785
1001.0,504607261.0,2025-08-24,2025-08-22,VSC,1,ConVac 7 draw out mechan. latched ver.,CDX6290704R5002,1351245288.0,3.0,1.7829075,1.217092514038086,1.217092514038086,40.56973694469055
3501.0,504378756.0,2025-08-24,2025-08-22,VSC,1,ConVac 12 draw out mechan. latched ver.,CDX6291204R5002,1351245399.0,4.0,1.8045163,2.195483684539795,2.195483684539795,54.887078391725275
1001.0,504589732.0,2025-08-24,2025-08-22,VSC,4,ConVac 12 fixed electrical latched ver.,CDX6291204R5011,1351245401.0,3.0,1.4854589,1.5145411491394043,1.5145411491394043,50.484688143084085
3502.0,504378756.0,2025-08-24,2025-08-22,VSC,9,ConVac 12 draw out mechan. latched ver.,CDX6291204R5002,1351245400.0,4.0,2.4831254,1.5168745517730713,1.5168745517730713,37.9218543138632
1001.0,504608154.0,2025-08-27,2025-08-25,VSC,4,ConVac 12 fix. mechnical latched version,CDX6291204R5012,1351245053.0,1.0,1.0705789,-0.070578932762146,0.070578932762146,7.057886218328383
1001.0,504589312.0,2025-08-27,2025-08-25,VSC,11,ConVac 12 fix. mechnical latched version,CDX6291204R5012,1351245054.0,1.0,1.245139,-0.2451390027999878,0.2451390027999878,24.513875766123014
1001.0,504608896.0,2025-08-27,2025-08-25,VSC,1,ConVac 12 fixed electrical latched ver.,CDX6291204R5011,1351245051.0,0.0,0.561377,-0.5613769888877869,0.5613769888877869,56137698.88877869
1001.0,504608153.0,2025-08-27,2025-08-25,VSC,3,VSC 12kV-400A 110V SCO Fixed Ver.,CDX6091204R5013,1351245052.0,1.0,1.000773,-0.0007729530334472656,0.0007729530334472656,0.07729522604950051
4501.0,504378756.0,2025-08-28,2025-08-26,VSC,1,ConVac 12 draw out mechan. latched ver.,CDX6291204R5002,1351246367.0,0.0,1.6234401,-1.623440146446228,1.623440146446228,162344014.6446228
4502.0,504378756.0,2025-08-28,2025-08-26,VSC,12,ConVac 12 draw out mechan. latched ver.,CDX6291204R5002,1351246368.0,2.0,1.9974523,0.002547740936279297,0.002547740936279297,0.12738698312047328
1001.0,504609972.0,2025-08-28,2025-08-26,VSC,1,VSC 12kV-400A 220V DCO Fixed Ver.,CDX6091204R5012,1351246369.0,0.0,0.941064,-0.9410640001296997,0.9410640001296997,94106400.01296997
2001.0,504609444.0,2025-08-29,2025-08-27,VSC,1,ConVac 7 draw out mechan. latched ver.,CDX6290704R5002,1351246885.0,0.0,1.5948249,-1.5948249101638794,1.5948249101638794,159482491.01638794
1001.0,504611011.0,2025-08-29,2025-08-27,VSC,2,ConVac 7 fixed mechnical latched version,CDX6290704R5012,1351246888.0,1.0,0.83851606,0.16148394346237183,0.16148394346237183,16.148378197858985
1002.0,504611011.0,2025-08-29,2025-08-27,VSC,3,ConVac 12 fix. mechnical latched version,CDX6291204R5012,1351246889.0,0.0,1.0067986,-1.0067986249923706,1.0067986249923706,100679862.49923706
1001.0,504609987.0,2025-08-29,2025-08-27,VSC,4,"VSC 7,2kV-400A 220V SCO Fixed Ver.",CDX6090704R5011,1351246886.0,0.0,1.0744282,-1.0744282007217407,1.0744282007217407,107442820.07217407
1001.0,504611010.0,2025-08-29,2025-08-27,VSC,6,ConVac 12 fixed electrical latched ver.,CDX6291204R5011,1351246887.0,1.0,1.1577566,-0.15775656700134277,0.15775656700134277,15.775640924493354
2001.0,504600927.0,2025-08-29,2025-08-27,VSC,28,ConVac 7 draw out mechan. latched ver.,CDX6290704R5002,1351246890.0,2.0,2.053381,-0.05338096618652344,0.05338096618652344,2.669046974802684
2001.0,504600927.0,2025-08-30,2025-08-28,VSC,28,ConVac 7 draw out mechan. latched ver.,CDX6290704R5002,1351247064.0,2.0,2.0077207,-0.0077207088470458984,0.0077207088470458984,0.3860352493346702
1001.0,504613096.0,2025-08-31,2025-08-29,VSC,6,ConVac 7 fixed electrical latched ver.,CDX6290704R5011,1351247492.0,1.0,1.8888885,-0.8888884782791138,0.8888884782791138,88.88875893915244
1001.0,504613097.0,2025-08-31,2025-08-29,VSC,1,"VSC 7,2kV-400A 220V SCO Fixed Ver.",CDX6090704R5011,1351247490.0,1.0,1.0489783,-0.048978328704833984,0.048978328704833984,4.897827972655426
1001.0,504607701.0,2025-08-31,2025-08-29,VSC,2,ConVac 7 fixed electrical latched ver.,CDX6290704R5011,1351247488.0,0.0,1.0577123,-1.0577123165130615,1.0577123165130615,105771231.65130615
2001.0,504613103.0,2025-09-01,2025-08-29,VSC,1,VSC/P 12kV-400A 220V DCO,CDX6091204R5002,1351247491.0,3.0,2.0010245,0.9989755153656006,0.9989755153656006,33.29917274579577
1001.0,504611931.0,2025-08-31,2025-08-29,VSC,8,ConVac 12 fix. mechnical latched version,CDX6291204R5012,1351247489.0,1.0,1.8336049,-0.8336049318313599,0.8336049318313599,83.36040982272617
6503.0,504050697.0,2025-09-02,2025-08-30,VSC,14,"VSC/P 7,2kV-400A 110V SCO",CDX6090704R5003,1351247945.0,2.0,2.5199075,-0.5199074745178223,0.5199074745178223,25.99536072821075
1001.0,504585404.0,2025-09-01,2025-08-30,VSC,12,ConVac 12 fixed electrical latched ver.,CDX6291204R5011,1351247948.0,2.0,1.5438643,0.45613574981689453,0.45613574981689453,22.806776087456683
1001.0,504608776.0,2025-09-01,2025-08-30,VSC,2,ConVac 7 fixed electrical latched ver.,CDX6290704R5011,1351247946.0,0.0,0.8834524,-0.8834524154663086,0.8834524154663086,88345241.54663086
1001.0,504613642.0,2025-09-01,2025-08-30,VSC,2,ConVac 7 fixed mechnical latched version,CDX6290704R5012,1351247947.0,0.0,1.0509223,-1.0509222745895386,1.0509222745895386,105092227.45895386
1001.0,504613098.0,2025-09-03,2025-09-01,VSC,1,ConVac 12 fixed electrical latched ver.,CDX6291204R5011,1351248210.0,2.0,0.68317115,1.3168288469314575,1.3168288469314575,65.84140942586816
1001.0,504616990.0,2025-09-03,2025-09-01,VSC,3,ConVac 12 fixed electrical latched ver.,CDX6291204R5011,1351248211.0,0.0,0.88154846,-0.8815484642982483,0.8815484642982483,88154846.42982483
1001.0,504611009.0,2025-09-03,2025-09-01,VSC,15,ConVac 12 fixed electrical latched ver.,CDX6291204R5011,1351248209.0,2.0,1.256542,0.7434580326080322,0.7434580326080322,37.172883043960084
1001.0,504615090.0,2025-09-03,2025-09-01,VSC,4,ConVac 12 fixed electrical latched ver.,CDX6291204R5011,1351248208.0,0.0,1.1131092,-1.1131092309951782,1.1131092309951782,111310923.09951782
3005.0,504492144.0,2025-09-04,2025-09-01,VSC,1,VSC/P 12kV-400A 110V DCO,CDX6091204R5004,1351248214.0,1.0,2.264795,-1.2647950649261475,1.2647950649261475,126.47938001323473
3003.0,504492144.0,2025-09-04,2025-09-01,VSC,3,VSC/P 12kV-400A 110V DCO,CDX6091204R5004,1351248213.0,1.0,2.0900922,-1.0900921821594238,1.0900921821594238,109.00910920683317
3001.0,504492144.0,2025-09-04,2025-09-01,VSC,8,VSC/P 12kV-400A 110V DCO,CDX6091204R5004,1351248212.0,1.0,1.6604394,-0.6604393720626831,0.6604393720626831,66.04387116239715
1910.0,504610574.0,2025-09-04,2025-09-01,VSC,2,VSC/P 12kV-400A 220V DCO,CDX6091204R5002,1351248207.0,0.0,1.6781129,-1.6781128644943237,1.6781128644943237,167811286.44943237
1002.0,504617158.0,2025-09-04,2025-09-02,VSC,4,ConVac 12 fixed electrical latched ver.,CDX6291204R5011,1351248343.0,2.0,1.0078479,0.9921520948410034,0.9921520948410034,49.6075799382602
1001.0,504616982.0,2025-09-04,2025-09-02,VSC,5,ConVac 12 fixed electrical latched ver.,CDX6291204R5011,1351248340.0,1.0,1.0153849,-0.015384912490844727,0.015384912490844727,1.5384897105947621
1002.0,504616982.0,2025-09-04,2025-09-02,VSC,5,ConVac 12 fixed electrical latched ver.,CDX6291204R5011,1351248341.0,1.0,1.0153849,-0.015384912490844727,0.015384912490844727,1.5384897105947621
1001.0,504617163.0,2025-09-04,2025-09-02,VSC,6,VSC 12kV-400A 220V DCO Fixed Ver.,CDX6091204R5012,1351248344.0,1.0,1.1690199,-0.1690199375152588,0.1690199375152588,16.90197684954903
1001.0,504616981.0,2025-09-04,2025-09-02,VSC,8,ConVac 7 fixed electrical latched ver.,CDX6290704R5011,1351248339.0,4.0,1.5698537,2.430146336555481,2.430146336555481,60.75364322547622
1001.0,504593580.0,2025-09-05,2025-09-03,VSC,20,ConVac 12 draw out mechan. latched ver.,CDX6291204R5002,1351248352.0,2.0,1.9999535,4.649162292480469e-05,4.649162292480469e-05,0.0023245799839502423
1001.0,504617158.0,2025-09-05,2025-09-03,VSC,4,ConVac 12 fixed electrical latched ver.,CDX6291204R5011,1351248353.0,0.0,1.0276715,-1.027671456336975,1.027671456336975,102767145.63369751
1781.0,504610610.0,2025-09-05,2025-09-03,VSC,1,ConVac 7 draw out mechan. latched ver.,CDX6290704R5002,1351248351.0,0.0,1.3862029,-1.3862029314041138,1.3862029314041138,138620293.14041138
1001.0,504618192.0,2025-09-06,2025-09-04,VSC,2,VSC 12kV-400A 220V SCO Fixed Ver.,CDX6091204R5011,1351249046.0,1.0,1.0330299,-0.033029913902282715,0.033029913902282715,3.3029880872401844
1001.0,504620947.0,2025-09-06,2025-09-04,VSC,2,ConVac 12 fix. mechnical latched version,CDX6291204R5012,1351249047.0,1.0,0.9592672,0.04073280096054077,0.04073280096054077,4.073276022778054
4911.0,504459570.0,2025-09-06,2025-09-04,VSC,4,ConVac 12 fixed electrical latched ver.,CDX6291204R5011,1351249048.0,2.0,1.046191,0.9538090229034424,0.9538090229034424,47.690427299958465
1001.0,504620093.0,2025-09-06,2025-09-04,VSC,10,ConVac 7 draw out electr. latched ver.,CDX6290704R5001,1351249049.0,4.0,2.0606377,1.9393622875213623,1.9393622875213623,48.48404506702279
1001.0,504621874.0,2025-09-07,2025-09-05,VSC,8,ConVac 7 fixed mechnical latched version,CDX6290704R5012,1351248729.0,1.0,2.6121979,-1.6121978759765625,1.6121978759765625,161.2196263780299
1501.0,504589600.0,2025-09-07,2025-09-05,VSC,2,ConVac 7 draw out mechan. latched ver.,CDX6290704R5002,1351248730.0,0.0,1.8906623,-1.8906623125076294,1.8906623125076294,189066231.25076294
1503.0,504594122.0,2025-09-07,2025-09-05,VSC,6,ConVac 7 draw out mechan. latched ver.,CDX6290704R5002,1351248731.0,3.0,2.3013515,0.6986484527587891,0.6986484527587891,23.288273995868302
1001.0,504623225.0,2025-09-08,2025-09-06,VSC,11,ConVac 12 fixed electrical latched ver.,CDX6291204R5011,1351249915.0,2.0,1.699817,0.3001830577850342,0.3001830577850342,15.009145384679016
1001.0,504622355.0,2025-09-08,2025-09-06,VSC,6,ConVac 12 draw out mechan. latched ver.,CDX6291204R5002,1351249914.0,2.0,2.2214725,-0.22147250175476074,0.22147250175476074,11.073619550928262
1001.0,504615626.0,2025-09-08,2025-09-06,VSC,4,ConVac 12 fixed electrical latched ver.,CDX6291204R5011,1351249918.0,2.0,1.2795726,0.720427393913269,0.720427393913269,36.02135168498761
3781.0,504425252.0,2025-09-08,2025-09-06,VSC,1,ConVac 7 draw out electr. latched ver.,CDX6290704R5001,1351249917.0,3.0,1.4827812,1.517218828201294,1.517218828201294,50.57394408206177
1001.0,504622050.0,2025-09-08,2025-09-06,VSC,1,ConVac 12 fix. mechnical latched version,CDX6291204R5012,1351249913.0,0.0,0.7357702,-0.7357702255249023,0.7357702255249023,73577022.55249023
1001.0,504623724.0,2025-09-10,2025-09-08,VSC,1,ConVac 7 fixed electrical latched ver.,CDX6290704R5011,1351250289.0,-2.0,0.60395676,-2.6039567589759827,2.6039567589759827,130.19790304775066
1001.0,504621266.0,2025-09-10,2025-09-08,VSC,2,"VSC/F 7,2kV-400A 220V SCO Fixed Ver.",CDX6090704R5021,1351250287.0,0.0,1.1738057,-1.1738057136535645,1.1738057136535645,117380571.36535645
1001.0,504616975.0,2025-09-10,2025-09-08,VSC,23,ConVac12 draw out mechan latched UniSafe,CDX6291204R5004,1351250288.0,4.0,2.0513575,1.9486424922943115,1.9486424922943115,48.71605012834526
1001.0,504625567.0,2025-09-11,2025-09-09,VSC,1,VSC 12kV-400A 220V DCO Fixed Ver.,CDX6091204R5012,1351250337.0,0.0,0.8298807,-0.8298807144165039,0.8298807144165039,82988071.44165039
1001.0,504593579.0,2025-09-11,2025-09-09,VSC,16,ConVac 12 draw out mechan. latched ver.,CDX6291204R5002,1351250336.0,3.0,1.9999535,1.0000464916229248,1.0000464916229248,33.33487194247351
2001.0,504625442.0,2025-09-12,2025-09-09,VSC,1,VSC/P 12kV-400A 110V SCO,CDX6091204R5003,1351250335.0,1.0,1.2522168,-0.25221681594848633,0.25221681594848633,25.221656373192264
1910.0,504619192.0,2025-09-12,2025-09-09,VSC,2,"VSC/P 7,2kV-400A 110V DCO",CDX6090704R5004,1351250338.0,1.0,1.5069801,-0.5069800615310669,0.5069800615310669,50.69795545515123
1001.0,504616975.0,2025-09-15,2025-09-10,VSC,30,ConVac12 draw out mechan latched UniSafe,CDX6291204R5004,1351249924.0,2.0,2.2189348,-0.2189347743988037,0.2189347743988037,10.946733246573562
1001.0,504616975.0,2025-09-16,2025-09-11,VSC,28,ConVac12 draw out mechan latched UniSafe,CDX6291204R5004,1351250819.0,1.0,2.2633035,-1.263303518295288,1.263303518295288,126.33022549930332
1001.0,504629094.0,2025-09-14,2025-09-12,VSC,1,VSC 12kV-400A 220V DCO Fixed Ver.,CDX6091204R5012,1351251272.0,1.0,0.99422646,0.0057735443115234375,0.0057735443115234375,0.5773538537984899
1001.0,504627299.0,2025-09-14,2025-09-12,VSC,2,ConVac 7 draw out electr. latched ver.,CDX6290704R5001,1351251273.0,1.0,1.8181639,-0.8181638717651367,0.8181638717651367,81.81630536020832
1001.0,504629296.0,2025-09-15,2025-09-12,VSC,1,VSC/P 12kV-400A 220V SCO,CDX6091204R5001,1351251271.0,1.0,1.6625959,-0.6625958681106567,0.6625958681106567,66.25952055154512
1001.0,504628619.0,2025-09-14,2025-09-12,VSC,12,VSC-S/GB 12kV-400A DCO Fixed Ver.,CDX6091204R5018,1351251270.0,3.0,2.545122,0.4548780918121338,0.4548780918121338,15.162598006205124
1001.0,504628612.0,2025-09-14,2025-09-12,VSC,3,ConVac 12 fix. mechnical latched version,CDX6291204R5012,1351251274.0,1.0,1.2447954,-0.24479544162750244,0.24479544162750244,24.479519683230563
1002.0,504627308.0,2025-09-14,2025-09-12,VSC,3,ConVac 12 fixed electrical latched ver.,CDX6291204R5011,1351251269.0,0.0,1.1034942,-1.1034941673278809,1.1034941673278809,110349416.73278809
1001.0,504627308.0,2025-09-14,2025-09-12,VSC,3,ConVac 12 draw out electr. latched ver.,CDX6291204R5001,1351251268.0,1.0,1.9311249,-0.9311249256134033,0.9311249256134033,93.11239944894089
1001.0,504630348.0,2025-09-17,2025-09-15,VSC,1,VSC 12kV-400A 220V DCO Fixed Ver.,CDX6091204R5012,1351251560.0,1.0,0.7753586,0.22464138269424438,0.22464138269424438,22.464115805308634
1001.0,504621492.0,2025-09-15,2025-09-13,VSC,17,ConVac 12 draw out mechan. latched ver.,CDX6291204R5002,1351251237.0,3.0,2.341121,0.6588790416717529,0.6588790416717529,21.962627401515963
1001.0,504621490.0,2025-09-15,2025-09-13,VSC,16,ConVac 12 draw out mechan. latched ver.,CDX6291204R5002,1351251236.0,3.0,2.341121,0.6588790416717529,0.6588790416717529,21.962627401515963
1001.0,504629830.0,2025-09-15,2025-09-13,VSC,8,ConVac 12 fixed electrical latched ver.,CDX6291204R5011,1351251235.0,0.0,1.5832295,-1.5832295417785645,1.5832295417785645,158322954.17785645
1001.0,504628618.0,2025-09-18,2025-09-15,VSC,1,"VSC/P 7,2kV-400A 110V SCO",CDX6090704R5003,1351251559.0,1.0,1.2488292,-0.24882924556732178,0.24882924556732178,24.882899673832508
1001.0,504621491.0,2025-09-17,2025-09-15,VSC,18,ConVac 12 draw out mechan. latched ver.,CDX6291204R5002,1351251561.0,1.0,1.8854885,-0.8854885101318359,0.8854885101318359,88.54876246442115
1001.0,504629090.0,2025-09-17,2025-09-15,VSC,1,ConVac 12 fixed electrical latched ver.,CDX6291204R5011,1351251569.0,0.0,0.33940172,-0.3394017219543457,0.3394017219543457,33940172.19543457
3001.0,504576065.0,2025-09-18,2025-09-16,VSC,2,"VSC 7,2kV-400A 220V DCO Fixed Ver.",CDX6090704R5012,1351252062.0,1.0,0.9523612,0.047638773918151855,0.047638773918151855,4.763872627942558
3002.0,504576065.0,2025-09-18,2025-09-16,VSC,2,"VSC 7,2kV-400A 220V DCO Fixed Ver.",CDX6090704R5012,1351252063.0,1.0,0.9523612,0.047638773918151855,0.047638773918151855,4.763872627942558
1001.0,504633610.0,2025-09-18,2025-09-16,VSC,2,ConVac12 draw out electr latched UniSafe,CDX6291204R5003,1351252066.0,1.0,1.4624065,-0.4624065160751343,0.4624065160751343,46.24060536690806
1001.0,504627300.0,2025-09-18,2025-09-16,VSC,12,ConVac 7 draw out electr. latched ver.,CDX6290704R5001,1351252058.0,2.0,2.0514426,-0.051442623138427734,0.051442623138427734,2.5721298708564513
7501.0,503510527.0,2025-09-19,2025-09-16,VSC,1,VSC/P 12kV-400A 110V DCO,CDX6091204R5004,1351252057.0,2.0,1.5045235,0.49547648429870605,0.49547648429870605,24.773811828029388
1001.0,504633616.0,2025-09-20,2025-09-17,VSC,1,VSC/P 12kV-400A 110V SCO,CDX6091204R5003,1351252344.0,1.0,1.4400328,-0.44003283977508545,0.44003283977508545,44.003239974268574
1781.0,504619245.0,2025-09-19,2025-09-17,VSC,1,ConVac 12 draw out mechan. latched ver.,CDX6291204R5002,1351252345.0,0.0,1.3082348,-1.3082348108291626,1.3082348108291626,130823481.08291626
1910.0,504615088.0,2025-09-20,2025-09-17,VSC,2,"VSC/P 7,2kV-400A 110V DCO",CDX6090704R5004,1351252351.0,2.0,1.680576,0.319424033164978,0.319424033164978,15.971193672652065
1001.0,504628627.0,2025-09-19,2025-09-17,VSC,3,VSC 12kV-400A 220V DCO Fixed Ver.,CDX6091204R5012,1351252347.0,1.0,1.0641636,-0.06416356563568115,0.06416356563568115,6.416350147217968
1001.0,504629089.0,2025-09-19,2025-09-17,VSC,2,ConVac 7 fixed electrical latched ver.,CDX6290704R5011,1351252349.0,0.0,0.92400765,-0.9240076541900635,0.9240076541900635,92400765.41900635
1002.0,504629794.0,2025-09-19,2025-09-17,VSC,1,ConVac 7 fixed electrical latched ver.,CDX6290704R5011,1351252350.0,-1.0,0.85728234,-1.8572823405265808,1.8572823405265808,185.72841978107786
1001.0,504633621.0,2025-09-19,2025-09-17,VSC,1,VSC 12kV-400A 220V DCO Fixed Ver.,CDX6091204R5012,1351252348.0,0.0,0.9352571,-0.935257077217102,0.935257077217102,93525707.7217102
1001.0,504628626.0,2025-09-19,2025-09-17,VSC,3,VSC 12kV-400A 220V DCO Fixed Ver.,CDX6091204R5012,1351252346.0,1.0,1.0641636,-0.06416356563568115,0.06416356563568115,6.416350147217968
1910.0,504621168.0,2025-09-21,2025-09-18,VSC,1,"VSC/P 7,2kV-400A 110V SCO",CDX6090704R5003,1351252259.0,1.0,1.4869856,-0.48698556423187256,0.48698556423187256,48.69850772467954
1001.0,504634665.0,2025-09-21,2025-09-18,VSC,1,"VSC/P 7,2kV-400A 220V DCO",CDX6090704R5002,1351252258.0,1.0,1.4695791,-0.4695791006088257,0.4695791006088257,46.95786310301947
1001.0,504539026.0,2025-09-20,2025-09-18,VSC,4,ConVac 7 draw out electr. latched ver.,CDX6290704R5001,1351252256.0,4.0,1.6278775,2.3721225261688232,2.3721225261688232,59.303048328458495
1001.0,504611205.0,2025-09-20,2025-09-18,VSC,2,ConVac 12 fixed electrical latched ver.,CDX6291204R5011,1351252720.0,0.0,0.849492,-0.8494920134544373,0.8494920134544373,84949201.34544373
1001.0,504636133.0,2025-09-20,2025-09-18,VSC,10,ConVac 12 fix. mechnical latched version,CDX6291204R5012,1351252257.0,4.0,1.2324408,2.7675591707229614,2.7675591707229614,69.18896197083355
1001.0,504539030.0,2025-09-24,2025-09-22,VSC,4,ConVac 7 fixed electrical latched ver.,CDX6290704R5011,1351253243.0,1.0,1.0402046,-0.040204644203186035,0.040204644203186035,4.020460399858204
1001.0,504636970.0,2025-09-24,2025-09-22,VSC,6,ConVac 12 fixed electrical latched ver.,CDX6291204R5011,1351253241.0,0.0,1.0890027,-1.0890027284622192,1.0890027284622192,108900272.84622192
1001.0,504638819.0,2025-09-24,2025-09-22,VSC,8,ConVac 7 draw out mechan. latched ver.,CDX6290704R5002,1351253244.0,2.0,2.006188,-0.006187915802001953,0.006187915802001953,0.30939563540227993
1001.0,504638819.0,2025-09-25,2025-09-23,VSC,15,ConVac 7 draw out mechan. latched ver.,CDX6290704R5002,1351253530.0,1.0,2.1477242,-1.1477241516113281,1.1477241516113281,114.77230038883243
1001.0,504641981.0,2025-09-26,2025-09-23,VSC,1,VSC/P 12kV-400A 220V DCO,CDX6091204R5002,1351253531.0,2.0,1.7016178,0.2983821630477905,0.2983821630477905,14.91910069283918
12011.0,75053626.0,2025-09-26,2025-09-24,VSC,1,VSC 12kV-400A 110V DCO Fixed Ver.,CDX6091204R5014,1351253915.0,1.0,0.9045072,0.09549278020858765,0.09549278020858765,9.549268471590294
1001.0,504640631.0,2025-09-26,2025-09-24,VSC,3,ConVac 12 fixed electrical latched ver.,CDX6291204R5011,1351253913.0,1.0,0.92451394,0.07548606395721436,0.07548606395721436,7.548598847122589
1001.0,504642574.0,2025-09-26,2025-09-24,VSC,4,ConVac 12 fixed electrical latched ver.,CDX6291204R5011,1351253912.0,0.0,1.0118331,-1.0118330717086792,1.0118330717086792,101183307.17086792
1001.0,504641085.0,2025-09-26,2025-09-24,VSC,6,ConVac 12 fix. mechnical latched version,CDX6291204R5012,1351253911.0,1.0,1.1839734,-0.18397343158721924,0.18397343158721924,18.39732476139716
1002.0,504640631.0,2025-09-26,2025-09-24,VSC,4,ConVac 12 fixed electrical latched ver.,CDX6291204R5011,1351253914.0,0.0,1.0118331,-1.0118330717086792,1.0118330717086792,101183307.17086792
1001.0,504641402.0,2025-09-27,2025-09-25,VSC,5,ConVac 7 draw out mechan. latched ver.,CDX6290704R5002,1351254203.0,1.0,1.7811981,-0.7811981439590454,0.7811981439590454,78.11973627616827
1001.0,504640059.0,2025-09-27,2025-09-25,VSC,5,ConVac 12 fixed electrical latched ver.,CDX6291204R5011,1351254204.0,1.0,1.0522879,-0.052287936210632324,0.052287936210632324,5.228788392274841
1001.0,504641400.0,2025-09-27,2025-09-25,VSC,6,ConVac 7 draw out mechan. latched ver.,CDX6290704R5002,1351254201.0,1.0,1.7880442,-0.7880442142486572,0.7880442142486572,78.8043426205231
1001.0,504641401.0,2025-09-27,2025-09-25,VSC,5,ConVac 7 draw out mechan. latched ver.,CDX6290704R5002,1351254202.0,0.0,1.7811981,-1.7811981439590454,1.7811981439590454,178119814.39590454
1910.0,504630134.0,2025-09-29,2025-09-26,VSC,2,"VSC/P 7,2kV-400A 110V DCO",CDX6090704R5004,1351254506.0,2.0,1.8412678,0.15873217582702637,0.15873217582702637,7.936604823048906
1001.0,504640059.0,2025-09-28,2025-09-26,VSC,9,ConVac 12 fixed electrical latched ver.,CDX6291204R5011,1351254507.0,2.0,1.77052,0.22948002815246582,0.22948002815246582,11.473995670625454
1001.0,504646261.0,2025-09-28,2025-09-26,VSC,1,VSC 12kV-400A 220V SCO Fixed Ver.,CDX6091204R5011,1351254504.0,0.0,1.006325,-1.0063250064849854,1.0063250064849854,100632500.64849854
1001.0,504641399.0,2025-09-28,2025-09-26,VSC,6,ConVac 7 draw out mechan. latched ver.,CDX6290704R5002,1351254505.0,2.0,2.2241359,-0.2241358757019043,0.2241358757019043,11.206788181701123
1001.0,504640630.0,2025-09-30,2025-09-28,VSC,2,ConVac 12 fixed electrical latched ver.,CDX6291204R5011,1351254617.0,1.0,0.8185697,0.18143028020858765,0.18143028020858765,18.14300987784889
1002.0,504640630.0,2025-09-30,2025-09-28,VSC,3,ConVac 12 fix. mechnical latched version,CDX6291204R5012,1351254618.0,1.0,1.2795032,-0.2795032262802124,0.2795032262802124,27.950294677726568
1001.0,504643359.0,2025-09-30,2025-09-28,VSC,3,ConVac 7 fixed mechnical latched version,CDX6290704R5012,1351255000.0,1.0,1.5188249,-0.5188249349594116,0.5188249349594116,51.88244161349955
1001.0,504641982.0,2025-09-30,2025-09-28,VSC,8,VSC-S/GB 12kV-400A SCO Fixed Ver.,CDX6091204R5017,1351254619.0,1.0,1.9044771,-0.9044771194458008,0.9044771194458008,90.44762149695859
1001.0,504648129.0,2025-10-09,2025-09-29,VSC,11,ConVac 7 fixed mechnical latched version,CDX6290704R5012,1351254946.0,1.0,1.3851806,-0.38518059253692627,0.38518059253692627,38.51802073567189
1001.0,504647320.0,2025-10-01,2025-09-29,VSC,2,VSC 12kV-400A 220V SCO Fixed Ver.,CDX6091204R5011,1351254956.0,0.0,0.9670525,-0.9670525193214417,0.9670525193214417,96705251.93214417
1001.0,504640629.0,2025-10-01,2025-09-29,VSC,2,ConVac 12 fix. mechnical latched version,CDX6291204R5012,1351254954.0,0.0,0.8975818,-0.8975818157196045,0.8975818157196045,89758181.57196045
2001.0,504643359.0,2025-10-01,2025-09-29,VSC,2,VSC-S/GB 12kV-400A SCO Fixed Ver.,CDX6091204R5017,1351254955.0,1.0,1.0102834,-0.010283350944519043,0.010283350944519043,1.0283340661178384
1001.0,504646570.0,2025-10-02,2025-09-30,VSC,1,ConVac 12 fixed electrical latched ver.,CDX6291204R5011,1351255498.0,9.0,0.7545643,8.24543571472168,8.24543571472168,91.61594220624731
1001.0,504648128.0,2025-10-02,2025-09-30,VSC,4,ConVac 12 fixed electrical latched ver.,CDX6291204R5011,1351255496.0,9.0,0.9920095,8.0079904794693,8.0079904794693,88.97766210769643
1001.0,504646571.0,2025-10-03,2025-09-30,VSC,1,"VSC/P 7,2kV-400A 110V SCO",CDX6090704R5003,1351255499.0,9.0,1.3323258,7.66767418384552,7.66767418384552,85.19637035424242
2001.0,504643356.0,2025-10-03,2025-09-30,VSC,9,VSC/P 12kV-400A 110V DCO,CDX6091204R5004,1351255497.0,15.0,2.3002174,12.699782609939575,12.699782609939575,84.66521175524973
1001.0,504652461.0,2025-10-11,2025-10-09,VSC,2,ConVac 7 draw out mechan. latched ver.,CDX6290704R5002,1351255642.0,1.0,1.5350785,-0.5350785255432129,0.5350785255432129,53.507799046522244
1001.0,504651789.0,2025-10-11,2025-10-09,VSC,2,ConVac 7 draw out electr. latched ver.,CDX6290704R5001,1351255640.0,1.0,1.529199,-0.5291990041732788,0.5291990041732788,52.91984749748039
1001.0,504651546.0,2025-10-12,2025-10-09,VSC,2,VSC/P 12kV-400A 220V DCO,CDX6091204R5002,1351255641.0,1.0,1.619965,-0.6199649572372437,0.6199649572372437,61.99643372729064
1001.0,504650382.0,2025-10-11,2025-10-09,VSC,10,VSC-S/GB 12kV-400A SCO Fixed Ver.,CDX6091204R5017,1351255639.0,1.0,1.7005423,-0.7005423307418823,0.7005423307418823,70.05416302002521
1001.0,504651787.0,2025-10-12,2025-10-09,VSC,1,"VSC/P 7,2kV-400A 220V DCO",CDX6090704R5002,1351255638.0,0.0,1.3742783,-1.3742783069610596,1.3742783069610596,137427830.69610596
1001.0,504649841.0,2025-10-12,2025-10-10,VSC,18,VSC 12kV-400A 220V DCO Fixed Ver.,CDX6091204R5012,1351255783.0,3.0,2.074802,0.9251980781555176,0.9251980781555176,30.839925658542032
1001.0,504652999.0,2025-10-13,2025-10-10,VSC,6,"VSC/P 7,2kV-400A 110V DCO",CDX6090704R5004,1351255782.0,3.0,2.2624133,0.7375867366790771,0.7375867366790771,24.586216360563785
1001.0,504651545.0,2025-10-13,2025-10-11,VSC,4,ConVac 7 fixed electrical latched ver.,CDX6290704R5011,1351256265.0,0.0,1.4835292,-1.4835292100906372,1.4835292100906372,148352921.00906372
2001.0,504654636.0,2025-10-13,2025-10-11,VSC,1,"VSC 7,2kV-400A 220V DCO Fixed Ver.",CDX6090704R5012,1351256263.0,2.0,0.9899601,1.0100399255752563,1.0100399255752563,50.5019710277773
1910.0,504654605.0,2025-10-13,2025-10-11,VSC,1,VSC 12kV-400A 220V DCO Fixed Ver.,CDX6091204R5012,1351256264.0,0.0,0.9672262,-0.9672262072563171,0.9672262072563171,96722620.72563171
1001.0,504654630.0,2025-10-13,2025-10-11,VSC,1,VSC 12kV-400A 110V SCO Fixed Ver.,CDX6091204R5013,1351256262.0,2.0,0.9660234,1.0339766144752502,1.0339766144752502,51.69880487436007
1001.0,504655315.0,2025-10-13,2025-10-11,VSC,5,ConVac 7 draw out electr. latched ver.,CDX6290704R5001,1351256266.0,2.0,2.0985346,-0.09853458404541016,0.09853458404541016,4.9267267389071385
1911.0,504553600.0,2025-10-14,2025-10-11,VSC,2,VSC/P 12kV-400A 220V SCO,CDX6091204R5001,1351256267.0,2.0,1.9491601,0.050839900970458984,0.050839900970458984,2.54199377752606
1001.0,504492013.0,2025-10-13,2025-10-11,VSC,6,ConVac 12 fix. mechnical latched version,CDX6291204R5012,1351256261.0,0.0,1.7834799,-1.783479928970337,1.783479928970337,178347992.8970337
1001.0,504657990.0,2025-10-15,2025-10-13,VSC,1,ConVac 7 draw out mechan. latched ver.,CDX6290704R5002,1351256722.0,2.0,1.244238,0.755761981010437,0.755761981010437,37.78808015648177
1002.0,504657993.0,2025-10-15,2025-10-13,VSC,1,VSC 12kV-400A 110V SCO Fixed Ver.,CDX6091204R5013,1351256724.0,2.0,0.9537127,1.0462872982025146,1.0462872982025146,52.31433875295636
1781.0,504641117.0,2025-10-15,2025-10-13,VSC,1,VSC 12kV-400A 220V DCO Fixed Ver.,CDX6091204R5012,1351256725.0,2.0,0.9428358,1.057164192199707,1.057164192199707,52.85818318089376
1001.0,504658561.0,2025-10-15,2025-10-13,VSC,1,VSC/F 12kV-400A 220V SCO Fixed Ver.,CDX6091204R5021,1351256727.0,1.0,1.2628915,-0.2628915309906006,0.2628915309906006,26.28912680993325
1001.0,504657993.0,2025-10-16,2025-10-13,VSC,1,VSC/P 12kV-400A 110V SCO,CDX6091204R5003,1351256723.0,2.0,1.3398062,0.6601938009262085,0.6601938009262085,33.00967354147365
1910.0,504653875.0,2025-10-16,2025-10-13,VSC,1,VSC/P 12kV-400A 110V DCO,CDX6091204R5004,1351256726.0,1.0,2.1536171,-1.1536171436309814,1.1536171436309814,115.36159900149916
1001.0,504659067.0,2025-10-16,2025-10-14,VSC,2,ConVac 12 fixed electrical latched ver.,CDX6291204R5011,1351256965.0,1.0,1.2978821,-0.297882080078125,0.297882080078125,29.788178219634283
1001.0,504659916.0,2025-10-16,2025-10-14,VSC,1,ConVac 12 fixed electrical latched ver.,CDX6291204R5011,1351256966.0,1.0,1.2754725,-0.2754725217819214,0.2754725217819214,27.54722463096751
1001.0,504649844.0,2025-10-16,2025-10-14,VSC,12,ConVac 12 fixed electrical latched ver.,CDX6291204R5011,1351256962.0,1.0,1.2696147,-0.26961469650268555,0.26961469650268555,26.96144268882587
1001.0,504652462.0,2025-10-16,2025-10-14,VSC,4,ConVac 12 fix. mechnical latched version,CDX6291204R5012,1351256964.0,0.0,1.0129945,-1.0129945278167725,1.0129945278167725,101299452.78167725
1001.0,504651547.0,2025-10-16,2025-10-14,VSC,6,ConVac 12 fix. mechnical latched version,CDX6291204R5012,1351256963.0,1.0,1.1173264,-0.11732637882232666,0.11732637882232666,11.732626149606517
1001.0,504657423.0,2025-10-17,2025-10-15,VSC,1,ConVac 12 draw out electr. latched ver.,CDX6291204R5001,1351256337.0,0.0,1.303346,-1.303346037864685,1.303346037864685,130334603.7864685
1002.0,504657423.0,2025-10-17,2025-10-15,VSC,1,ConVac 12 fixed electrical latched ver.,CDX6291204R5011,1351256338.0,0.0,0.65795314,-0.657953143119812,0.657953143119812,65795314.3119812
8501.0,504462900.0,2025-10-17,2025-10-15,VSC,2,ConVac 12 draw out mechan. latched ver.,CDX6291204R5002,1351256339.0,1.0,1.4731963,-0.47319626808166504,0.47319626808166504,47.319579488587024
1001.0,504657992.0,2025-10-17,2025-10-15,VSC,6,ConVac 7 fixed electrical latched ver.,CDX6290704R5011,1351256336.0,0.0,1.1352932,-1.1352932453155518,1.1352932453155518,113529324.53155518
1001.0,504653000.0,2025-10-17,2025-10-15,VSC,20,ConVac 12 fix. mechnical latched version,CDX6291204R5012,1351257260.0,1.0,1.3111904,-0.3111903667449951,0.3111903667449951,31.119005555493963
1001.0,504662109.0,2025-10-18,2025-10-16,VSC,1,"VSC 7,2kV-400A 220V DCO Fixed Ver.",CDX6090704R5012,1351257505.0,4.0,0.7323286,3.2676714062690735,3.2676714062690735,81.69176473378566
1001.0,504643142.0,2025-10-18,2025-10-16,VSC,8,ConVac 12 fixed electrical latched ver.,CDX6291204R5011,1351257503.0,0.0,1.1070807,-1.1070806980133057,1.1070806980133057,110708069.80133057
7001.0,504660065.0,2025-10-18,2025-10-16,VSC,20,ConVac 12 draw out mechan. latched ver.,CDX6291204R5002,1351257504.0,2.0,2.0372155,-0.037215471267700195,0.037215471267700195,1.860772632998693
1001.0,504659425.0,2025-10-19,2025-10-17,VSC,6,ConVac 12 fixed electrical latched ver.,CDX6291204R5011,1351257752.0,1.0,1.7462361,-0.7462360858917236,0.7462360858917236,74.6235339656384
1001.0,504643115.0,2025-10-19,2025-10-17,VSC,16,ConVac 12 fixed electrical latched ver.,CDX6291204R5011,1351257753.0,0.0,1.9655925,-1.9655925035476685,1.9655925035476685,196559250.35476685
1001.0,504657991.0,2025-10-19,2025-10-17,VSC,4,ConVac 12 fixed electrical latched ver.,CDX6291204R5011,1351257751.0,0.0,1.6512352,-1.6512352228164673,1.6512352228164673,165123522.28164673
1001.0,504653001.0,2025-10-20,2025-10-18,VSC,29,ConVac 12 fix. mechnical latched version,CDX6291204R5012,1351258010.0,2.0,2.0614336,-0.06143355369567871,0.06143355369567871,3.0716761489458606
8502.0,504564597.0,2025-10-21,2025-10-18,VSC,1,"VSC/P 7,2kV-400A 220V DCO",CDX6090704R5002,1351258009.0,0.0,1.9456024,-1.9456024169921875,1.9456024169921875,194560241.69921875
19952.0,503993128.0,2025-10-22,2025-10-20,VSC,2,ConVac 7 draw out electr. latched ver.,CDX6290704R5001,1351258436.0,2.0,1.7628777,0.2371222972869873,0.2371222972869873,11.856108936294895
1001.0,504652457.0,2025-10-22,2025-10-20,VSC,18,ConVac 12 draw out mechan. latched ver.,CDX6291204R5002,1351258435.0,1.0,1.9421886,-0.9421886205673218,0.9421886205673218,94.21876783796435
2781.0,504619245.0,2025-10-23,2025-10-21,VSC,1,ConVac 12 draw out mechan. latched ver.,CDX6291204R5002,1351258505.0,1.0,1.1582077,-0.15820765495300293,0.15820765495300293,15.820749674550619
2782.0,504619245.0,2025-10-23,2025-10-21,VSC,1,ConVac 12 draw out mechan. latched ver.,CDX6291204R5002,1351258502.0,1.0,1.1582077,-0.15820765495300293,0.15820765495300293,15.820749674550619
1503.0,504639551.0,2025-10-23,2025-10-21,VSC,5,ConVac 7 draw out electr. latched ver.,CDX6290704R5001,1351258499.0,2.0,1.6064341,0.3935658931732178,0.3935658931732178,19.678284819518478
1001.0,504662697.0,2025-10-23,2025-10-21,VSC,2,ConVac 12 fixed electrical latched ver.,CDX6291204R5011,1351258504.0,0.0,0.8083128,-0.8083127737045288,0.8083127737045288,80831277.37045288
1001.0,504664752.0,2025-10-24,2025-10-21,VSC,1,"VSC/P 7,2kV-400A 220V SCO",CDX6090704R5001,1351258500.0,1.0,1.2129269,-0.21292686462402344,0.21292686462402344,21.292665169737177
1503.0,504076868.0,2025-10-24,2025-10-21,VSC,2,VSC/P 12kV-400A 110V DCO,CDX6091204R5004,1351258501.0,2.0,1.5932113,0.40678870677948,0.40678870677948,20.339425169261414
1502.0,504440172.0,2025-10-24,2025-10-21,VSC,12,"VSC/P 7,2kV-400A 220V DCO",CDX6090704R5002,1351258498.0,3.0,2.0146608,0.9853391647338867,0.9853391647338867,32.8446278762536
2001.0,504666766.0,2025-10-23,2025-10-21,VSC,7,ConVac 12 draw out mechan. latched ver.,CDX6291204R5002,1351258503.0,1.0,1.8940501,-0.894050121307373,0.894050121307373,89.40492272581459
1001.0,504667433.0,2025-10-24,2025-10-22,VSC,1,VSC 12kV-400A 220V SCO Fixed Ver.,CDX6091204R5011,1351258789.0,2.0,0.88405854,1.1159414649009705,1.1159414649009705,55.79704534652584
1910.0,504665314.0,2025-10-25,2025-10-22,VSC,1,VSC/P 12kV-400A 24-60V SCO,CDX6091204R5005,1351258791.0,6.0,1.6994644,4.300535559654236,4.300535559654236,71.6755807149738
1001.0,504663022.0,2025-10-24,2025-10-22,VSC,10,ConVac 12 fixed electrical latched ver.,CDX6291204R5011,1351258795.0,1.0,1.245028,-0.24502801895141602,0.24502801895141602,24.502777392364212
1911.0,504657686.0,2025-10-25,2025-10-22,VSC,1,VSC/P 12kV-400A 110V DCO,CDX6091204R5004,1351258790.0,5.0,1.8068608,3.1931391954421997,3.1931391954421997,63.862771136289766
1002.0,504659065.0,2025-10-24,2025-10-22,VSC,1,ConVac 12 draw out mechan. latched ver.,CDX6291204R5002,1351258793.0,5.0,1.3348663,3.6651337146759033,3.6651337146759033,73.30265963298613
1001.0,504659065.0,2025-10-24,2025-10-22,VSC,1,ConVac 12 draw out electr. latched ver.,CDX6291204R5001,1351258792.0,1.0,1.487315,-0.4873150587081909,0.4873150587081909,48.73145713936196
1001.0,504666764.0,2025-10-24,2025-10-22,VSC,3,ConVac 12 fix. mechnical latched version,CDX6291204R5012,1351258788.0,0.0,1.0079513,-1.007951259613037,1.007951259613037,100795125.96130371
1001.0,504664750.0,2025-10-25,2025-10-23,VSC,1,ConVac 7 draw out electr. latched ver.,CDX6290704R5001,1351258992.0,1.0,1.2243544,-0.22435438632965088,0.22435438632965088,22.43541619754889
1001.0,504664754.0,2025-10-25,2025-10-23,VSC,1,ConVac 7 fixed electrical latched ver.,CDX6290704R5011,1351258993.0,0.0,0.85728234,-0.8572823405265808,0.8572823405265808,85728234.05265808
1001.0,504666114.0,2025-10-25,2025-10-23,VSC,3,ConVac 12 fixed electrical latched ver.,CDX6291204R5011,1351258995.0,0.0,0.8946475,-0.894647479057312,0.894647479057312,89464747.9057312
1001.0,504663272.0,2025-10-25,2025-10-23,VSC,4,VSC-S/GB 12kV-400A SCO Fixed Ver.,CDX6091204R5017,1351258994.0,3.0,1.1067594,1.8932405710220337,1.8932405710220337,63.107997998068456
1002.0,504666114.0,2025-10-25,2025-10-23,VSC,8,ConVac 12 fixed electrical latched ver.,CDX6291204R5011,1351258996.0,4.0,1.245028,2.754971981048584,2.754971981048584,68.87428230764402
1001.0,504669851.0,2025-10-26,2025-10-24,VSC,1,VSC 12kV-400A 220V SCO Fixed Ver.,CDX6091204R5011,1351259250.0,2.0,1.2298219,0.7701780796051025,0.7701780796051025,38.508884725812756
1001.0,504661621.0,2025-10-26,2025-10-24,VSC,4,ConVac 12 fix. mechnical latched version,CDX6291204R5012,1351259251.0,3.0,1.6778036,1.322196364402771,1.322196364402771,44.07319745569321
1910.0,504612037.0,2025-10-27,2025-10-24,VSC,2,VSC/P 12kV-400A 220V SCO,CDX6091204R5001,1351259253.0,5.0,1.946904,3.053096055984497,3.053096055984497,61.06190890730816
2001.0,504671422.0,2025-10-30,2025-10-28,VSC,5,ConVac 12 draw out electr. latched ver.,CDX6291204R5001,1351259252.0,-1.0,1.6973255,-2.6973254680633545,2.6973254680633545,269.732816539152
1911.0,504612037.0,2025-10-27,2025-10-24,VSC,2,VSC/P 12kV-400A 220V DCO,CDX6091204R5002,1351259254.0,5.0,1.9045297,3.0954703092575073,3.0954703092575073,61.909393803271385
1001.0,504672011.0,2025-10-30,2025-10-27,VSC,1,"VSC/P 7,2kV-400A 220V SCO",CDX6090704R5001,1351259597.0,2.0,1.211411,0.7885890007019043,0.7885890007019043,39.42943032038006
1502.0,504651130.0,2025-10-29,2025-10-27,VSC,3,ConVac 7 draw out mechan. latched ver.,CDX6290704R5002,1351259598.0,2.0,1.4376138,0.562386155128479,0.562386155128479,28.1192936967771
7002.0,504379885.0,2025-10-29,2025-10-27,VSC,3,"VSC 7,2kV-400A 110V SCO Fixed Ver.",CDX6090704R5013,1351259600.0,1.0,0.97109574,0.028904259204864502,0.028904259204864502,2.8904230300634204
7001.0,504379885.0,2025-10-29,2025-10-27,VSC,9,"VSC 7,2kV-400A 110V SCO Fixed Ver.",CDX6090704R5013,1351259599.0,1.0,1.3312168,-0.33121681213378906,0.33121681213378906,33.12164809173082
1001.0,504675153.0,2025-10-31,2025-10-28,VSC,1,"VSC/P 7,2kV-400A 220V SCO",CDX6090704R5001,1351259837.0,1.0,1.4246378,-0.4246377944946289,0.4246377944946289,42.46373698572591
1001.0,504668443.0,2025-10-30,2025-10-28,VSC,5,ConVac 12 fixed electrical latched ver.,CDX6291204R5011,1351259832.0,1.0,1.0906906,-0.09069061279296875,0.09069061279296875,9.069052210244665
1001.0,504675154.0,2025-10-30,2025-10-28,VSC,4,ConVac 12 fix. mechnical latched version,CDX6291204R5012,1351259838.0,0.0,1.0165529,-1.0165529251098633,1.0165529251098633,101655292.51098633
2001.0,504673416.0,2025-10-30,2025-10-28,VSC,1,VSC 12kV-400A 220V SCO Fixed Ver.,CDX6091204R5011,1351259833.0,1.0,0.7963901,0.2036098837852478,0.2036098837852478,20.360968017556765
1001.0,504675151.0,2025-10-30,2025-10-28,VSC,1,VSC 12kV-400A 220V SCO Fixed Ver.,CDX6091204R5011,1351259836.0,1.0,0.7963901,0.2036098837852478,0.2036098837852478,20.360968017556765
1001.0,504673425.0,2025-10-30,2025-10-28,VSC,1,ConVac 12 fixed electrical latched ver.,CDX6291204R5011,1351259834.0,1.0,0.65547276,0.3445272445678711,0.3445272445678711,34.45269000409711
1001.0,504675150.0,2025-10-30,2025-10-28,VSC,4,ConVac 12 fixed electrical latched ver.,CDX6291204R5011,1351259835.0,0.0,1.0502357,-1.0502357482910156,1.0502357482910156,105023574.82910156
1781.0,504666875.0,2025-11-01,2025-10-29,VSC,3,"VSC/P 7,2kV-400A 110V SCO",CDX6090704R5003,1351260063.0,1.0,1.6401268,-0.6401268243789673,0.6401268243789673,64.0126184252783
1001.0,504676776.0,2025-10-31,2025-10-29,VSC,1,ConVac 12 fixed electrical latched ver.,CDX6291204R5011,1351260066.0,0.0,0.72638,-0.7263799905776978,0.7263799905776978,72637999.05776978
1002.0,504672259.0,2025-10-31,2025-10-29,VSC,4,ConVac 12 fixed electrical latched ver.,CDX6291204R5011,1351260065.0,0.0,1.0118331,-1.0118330717086792,1.0118330717086792,101183307.17086792
1001.0,504669099.0,2025-10-31,2025-10-29,VSC,10,ConVac 12 fixed electrical latched ver.,CDX6291204R5011,1351260064.0,1.0,1.245028,-0.24502801895141602,0.24502801895141602,24.502777392364212
3001.0,504676782.0,2025-11-01,2025-10-29,VSC,1,"VSC/P 7,2kV-400A 110V DCO",CDX6090704R5004,1351260067.0,1.0,1.7234356,-0.723435640335083,0.723435640335083,72.34349169001662
1001.0,504678986.0,2025-11-01,2025-10-30,VSC,1,VSC 12kV-400A 220V SCO Fixed Ver.,CDX6091204R5011,1351260264.0,4.0,0.97645414,3.0235458612442017,3.0235458612442017,75.58862763394814
1002.0,504669099.0,2025-11-01,2025-10-30,VSC,1,ConVac 12 fix. mechnical latched version,CDX6291204R5012,1351260267.0,0.0,0.86232954,-0.8623295426368713,0.8623295426368713,86232954.26368713
1001.0,504672259.0,2025-11-01,2025-10-30,VSC,1,ConVac 7 fixed electrical latched ver.,CDX6290704R5011,1351260261.0,0.0,0.9118454,-0.9118453860282898,0.9118453860282898,91184538.60282898
1781.0,504671997.0,2025-11-01,2025-10-30,VSC,1,ConVac 12 draw out mechan. latched ver.,CDX6291204R5002,1351260265.0,14.0,1.2345809,12.765419125556946,12.765419125556946,91.18155866958114
13503.0,504547272.0,2025-11-02,2025-10-30,VSC,1,"VSC/P 7,2kV-400A 110V SCO",CDX6090704R5003,1351260262.0,7.0,2.0734732,4.926526784896851,4.926526784896851,70.37894401582014
2781.0,504619245.0,2025-11-03,2025-10-30,VSC,2,ConVac 12 draw out mechan. latched ver.,CDX6291204R5002,1351260230.0,0.0,1.6423894,-1.6423894166946411,1.6423894166946411,164238941.6694641
1782.0,504671997.0,2025-11-01,2025-10-30,VSC,2,ConVac 12 draw out mechan. latched ver.,CDX6291204R5002,1351260266.0,14.0,1.3831391,12.61686086654663,12.61686086654663,90.12042832387391
13504.0,504547272.0,2025-11-02,2025-10-30,VSC,1,"VSC/P 7,2kV-400A 110V SCO",CDX6090704R5003,1351260263.0,5.0,1.9974706,3.0025293827056885,3.0025293827056885,60.05057564399864
2001.0,504679689.0,2025-11-02,2025-10-31,VSC,1,VSC 12kV-400A 220V SCO Fixed Ver.,CDX6091204R5011,1351260796.0,3.0,1.360378,1.6396219730377197,1.6396219730377197,54.654047549908135
1001.0,504678735.0,2025-11-02,2025-10-31,VSC,1,ConVac 7 draw out mechan. latched ver.,CDX6290704R5002,1351260797.0,3.0,1.7416537,1.2583463191986084,1.2583463191986084,41.94486332499917
1001.0,504678083.0,2025-11-02,2025-10-31,VSC,1,VSC 12kV-400A 220V SCO Fixed Ver.,CDX6091204R5011,1351260798.0,3.0,1.360378,1.6396219730377197,1.6396219730377197,54.654047549908135
1001.0,504678988.0,2025-11-02,2025-10-31,VSC,1,VSC 12kV-400A 220V SCO Fixed Ver.,CDX6091204R5011,1351260799.0,3.0,1.360378,1.6396219730377197,1.6396219730377197,54.654047549908135
1001.0,504607700.0,2025-11-02,2025-10-31,VSC,2,ConVac 7 fixed electrical latched ver.,CDX6290704R5011,1351260794.0,3.0,1.270327,1.7296730279922485,1.7296730279922485,57.65574838115882
2001.0,504678990.0,2025-11-03,2025-10-31,VSC,2,VSC/P 12kV-400A 220V DCO,CDX6091204R5002,1351260795.0,4.0,1.9263644,2.0736355781555176,2.0736355781555176,51.840876493668816
1001.0,504679734.0,2025-11-05,2025-11-03,VSC,15,ConVac 12 fixed electrical latched ver.,CDX6291204R5011,1351260728.0,1.0,1.3424758,-0.3424757719039917,0.3424757719039917,34.24754294285623
3502.0,504329164.0,2025-11-06,2025-11-03,VSC,1,NPP V7/ZVC Mechanically Latched,CDX6210704R5004,1351261234.0,9.0,10.768872,-1.7688722610473633,1.7688722610473633,19.654134050066922
3501.0,504329164.0,2025-11-06,2025-11-03,VSC,1,NPP V7/ZVC Electrically Latched,CDX6210704R5003,1351261233.0,9.0,10.490606,-1.4906063079833984,1.4906063079833984,16.562290470672153
1001.0,504682118.0,2025-11-06,2025-11-03,VSC,2,VSC/P 12kV-400A 110V SCO,CDX6091204R5003,1351260729.0,1.0,1.4558387,-0.455838680267334,0.455838680267334,45.58382244291096
11501.0,504294526.0,2025-11-05,2025-11-03,VSC,1,ConVac 7 draw out mechan. latched ver.,CDX6290704R5002,1351260730.0,1.0,1.2160513,-0.21605134010314941,0.21605134010314941,21.605112405202537
1001.0,504589724.0,2025-11-05,2025-11-03,VSC,1,ConVac 7 draw out electr. latched ver.,CDX6290704R5001,1351260727.0,0.0,1.2101718,-1.2101718187332153,1.2101718187332153,121017181.87332153
1001.0,504679734.0,2025-11-06,2025-11-04,VSC,15,ConVac 12 fixed electrical latched ver.,CDX6291204R5011,1351261403.0,1.0,1.1922897,-0.19228971004486084,0.19228971004486084,19.22895177553431
1001.0,504680604.0,2025-11-06,2025-11-04,VSC,16,ConVac 12 fixed electrical latched ver.,CDX6291204R5011,1351261404.0,2.0,1.1922897,0.8077102899551392,0.8077102899551392,40.3854943050098
1001.0,504589318.0,2025-11-06,2025-11-04,VSC,10,ConVac 7 draw out electr. latched ver.,CDX6290704R5001,1351261402.0,1.0,2.116029,-1.1160290241241455,1.1160290241241455,111.60279080962374
1001.0,504660372.0,2025-11-07,2025-11-05,VSC,1,ConVac 7 fixed mechnical latched version,CDX6290704R5012,1351261754.0,5.0,0.71793693,4.282063066959381,4.282063066959381,85.64124421093878
1001.0,504683216.0,2025-11-07,2025-11-05,VSC,1,ConVac 12 fixed electrical latched ver.,CDX6291204R5011,1351261748.0,0.0,0.65869874,-0.6586987376213074,0.6586987376213074,65869873.76213074
1001.0,504683545.0,2025-11-07,2025-11-05,VSC,1,VSC 12kV-400A 220V SCO Fixed Ver.,CDX6091204R5011,1351261750.0,0.0,0.7952062,-0.7952061891555786,0.7952061891555786,79520618.91555786
1001.0,504683723.0,2025-11-07,2025-11-05,VSC,1,"VSC 7,2kV-400A 220V DCO Fixed Ver.",CDX6090704R5012,1351261752.0,0.0,0.80549437,-0.8054943680763245,0.8054943680763245,80549436.80763245
1001.0,504683552.0,2025-11-07,2025-11-05,VSC,12,ConVac 12 draw out mechan. latched ver.,CDX6291204R5002,1351261756.0,2.0,2.3268585,-0.3268585205078125,0.3268585205078125,16.342917853931695
2001.0,504683216.0,2025-11-07,2025-11-05,VSC,1,"VSC 7,2kV-400A 24-60V SCO Fixed Ver.",CDX6090704R5015,1351261749.0,0.0,0.8341616,-0.8341615796089172,0.8341615796089172,83416157.96089172
1001.0,504682119.0,2025-11-07,2025-11-05,VSC,6,ConVac 12 fixed electrical latched ver.,CDX6291204R5011,1351261755.0,5.0,1.2296774,3.770322561264038,3.770322561264038,75.40643614399353
1001.0,504669363.0,2025-11-07,2025-11-05,VSC,8,ConVac 12 fixed electrical latched ver.,CDX6291204R5011,1351261747.0,2.0,1.2552412,0.7447588443756104,0.7447588443756104,37.237923599818714
1001.0,504683215.0,2025-11-08,2025-11-05,VSC,1,VSC/P 12kV-400A 110V SCO,CDX6091204R5003,1351261746.0,2.0,1.2185966,0.7814034223556519,0.7814034223556519,39.0701515827068
1001.0,504683546.0,2025-11-08,2025-11-05,VSC,1,VSC/P 12kV-400A 110V SCO,CDX6091204R5003,1351261753.0,2.0,1.6540846,0.34591543674468994,0.34591543674468994,17.2957631893529
1001.0,504683722.0,2025-11-07,2025-11-05,VSC,3,ConVac 12 fixed electrical latched ver.,CDX6291204R5011,1351261751.0,1.0,0.92713237,0.07286763191223145,0.07286763191223145,7.28675590446724
1781.0,504671840.0,2025-11-08,2025-11-06,VSC,2,ConVac 12 draw out mechan. latched ver.,CDX6291204R5002,1351262053.0,4.0,1.7341781,2.265821933746338,2.265821933746338,56.6455341822749
1001.0,504678990.0,2025-11-08,2025-11-06,VSC,7,ConVac 12 fix. mechnical latched version,CDX6291204R5012,1351262052.0,1.0,1.3246521,-0.3246520757675171,0.3246520757675171,32.4651751115766
1001.0,504685408.0,2025-11-08,2025-11-06,VSC,16,ConVac 12 fixed electrical latched ver.,CDX6291204R5011,1351262054.0,0.0,1.3978375,-1.397837519645691,1.397837519645691,139783751.9645691
1001.0,504687742.0,2025-11-09,2025-11-07,VSC,2,ConVac 12 fixed electrical latched ver.,CDX6291204R5011,1351262662.0,3.0,1.2416284,1.7583715915679932,1.7583715915679932,58.61236684814415
1002.0,504683724.0,2025-11-09,2025-11-07,VSC,2,ConVac 12 fixed electrical latched ver.,CDX6291204R5011,1351262667.0,3.0,1.2416284,1.7583715915679932,1.7583715915679932,58.61236684814415
1001.0,504685465.0,2025-11-09,2025-11-07,VSC,1,ConVac 12 fixed electrical latched ver.,CDX6291204R5011,1351262669.0,3.0,1.0726264,1.9273736476898193,1.9273736476898193,64.2457668410717
1001.0,504683724.0,2025-11-09,2025-11-07,VSC,2,ConVac 12 fixed electrical latched ver.,CDX6291204R5011,1351262666.0,3.0,1.2416284,1.7583715915679932,1.7583715915679932,58.61236684814415
5002.0,504379885.0,2025-11-09,2025-11-07,VSC,4,ConVac 7 draw out electr. latched ver.,CDX6290704R5001,1351262668.0,3.0,1.9401404,1.0598596334457397,1.0598596334457397,35.3286426719771
1910.0,504662978.0,2025-11-10,2025-11-07,VSC,1,Non-NPP V7/ZVC 7.2kV-400A,CDX6210704R5001,1351262665.0,6.0,3.4403117,2.5596883296966553,2.5596883296966553,42.66146505136674
1001.0,504687744.0,2025-11-09,2025-11-07,VSC,3,ConVac 12 fixed electrical latched ver.,CDX6291204R5011,1351262664.0,3.0,1.3014187,1.698581337928772,1.698581337928772,56.61935905783938
1001.0,504687743.0,2025-11-09,2025-11-07,VSC,2,ConVac 12 fix. mechnical latched version,CDX6291204R5012,1351262663.0,3.0,1.4070967,1.5929032564163208,1.5929032564163208,53.096757514958185
1002.0,504687744.0,2025-11-12,2025-11-10,VSC,3,ConVac 12 fixed electrical latched ver.,CDX6291204R5011,1351262192.0,1.0,0.8580506,0.14194941520690918,0.14194941520690918,14.194927325763592
1001.0,504672010.0,2025-11-12,2025-11-10,VSC,17,ConVac 7 draw out mechan latched UniSafe,CDX6290704R5004,1351262193.0,1.0,2.0935097,-1.0935096740722656,1.0935096740722656,109.35085805636851
1001.0,504667061.0,2025-11-13,2025-11-11,VSC,2,ConVac 12 fixed electrical latched ver.,CDX6291204R5011,1351263400.0,0.0,0.75884455,-0.7588445544242859,0.7588445544242859,75884455.44242859
1001.0,504689028.0,2025-11-13,2025-11-11,VSC,8,VSC 12kV-400A 220V SCO Fixed Ver.,CDX6091204R5011,1351263398.0,1.0,1.2342079,-0.2342078685760498,0.2342078685760498,23.420763436841547
1001.0,504666762.0,2025-11-13,2025-11-11,VSC,10,ConVac 7 draw out mechan. latched ver.,CDX6290704R5002,1351263399.0,3.0,2.103039,0.896960973739624,0.896960973739624,29.898689158424414
1001.0,504683903.0,2025-11-14,2025-11-12,VSC,4,ConVac 7 draw out mechan. latched ver.,CDX6290704R5002,1351263644.0,1.0,1.5958514,-0.5958514213562012,0.5958514213562012,59.58508255053757
1001.0,504555820.0,2025-11-14,2025-11-12,VSC,10,ConVac 7 draw out electr. latched ver.,CDX6290704R5001,1351263641.0,1.0,2.1539996,-1.1539995670318604,1.1539995670318604,115.39984130334476
1001.0,504648314.0,2025-11-14,2025-11-12,VSC,1,ConVac 7 fixed electrical latched ver.,CDX6290704R5011,1351263643.0,0.0,0.8362146,-0.8362146019935608,0.8362146019935608,83621460.19935608
1001.0,504693774.0,2025-11-14,2025-11-12,VSC,1,ConVac 12 fix. mechnical latched version,CDX6291204R5012,1351263645.0,1.0,0.7158962,0.2841038107872009,0.2841038107872009,28.410352668367427
2001.0,504693774.0,2025-11-14,2025-11-12,VSC,1,"VSC 7,2kV-400A 220V SCO Fixed Ver.",CDX6090704R5011,1351263646.0,1.0,0.9465022,0.0534977912902832,0.0534977912902832,5.349773779254542
1001.0,504555824.0,2025-11-14,2025-11-12,VSC,4,ConVac 7 draw out electr. latched ver.,CDX6290704R5001,1351263642.0,2.0,1.5708797,0.4291203022003174,0.4291203022003174,21.456004382013678
1001.0,504692850.0,2025-11-15,2025-11-12,VSC,2,VSC/P 12kV-400A 110V DCO,CDX6091204R5004,1351263640.0,1.0,1.8704262,-0.8704261779785156,0.8704261779785156,87.04253075532081
2001.0,504665571.0,2025-11-15,2025-11-13,VSC,3,ConVac 7 draw out electr. latched ver.,CDX6290704R5001,1351263078.0,4.0,1.6893537,2.3106462955474854,2.3106462955474854,57.7661429471514
1001.0,504539029.0,2025-11-15,2025-11-13,VSC,2,ConVac 7 fixed electrical latched ver.,CDX6290704R5011,1351263077.0,1.0,1.0987773,-0.09877729415893555,0.09877729415893555,9.877719538174018
1001.0,504692851.0,2025-11-15,2025-11-13,VSC,3,ConVac 12 fixed electrical latched ver.,CDX6291204R5011,1351263073.0,0.0,0.991753,-0.9917529821395874,0.9917529821395874,99175298.21395874
1502.0,504556163.0,2025-11-16,2025-11-13,VSC,6,"VSC/P 7,2kV-400A 110V SCO",CDX6090704R5003,1351263076.0,4.0,2.502293,1.4977068901062012,1.4977068901062012,37.4426628919893
1501.0,504556163.0,2025-11-16,2025-11-13,VSC,2,"VSC/P 7,2kV-400A 110V SCO",CDX6090704R5003,1351263075.0,6.0,2.006928,3.993072032928467,3.993072032928467,66.55118945694286
999301.0,504512660.0,2025-11-17,2025-11-13,VSC,1,ConVac 12 fixed electrical latched ver.,CDX6291204R5011,1351263886.0,0.0,0.76815474,-0.7681547403335571,0.7681547403335571,76815474.03335571
1910.0,504612800.0,2025-11-16,2025-11-13,VSC,2,Non-NPP V7/ZVC 7.2kV-400A,CDX6210704R5001,1351263074.0,5.0,3.5534692,1.446530818939209,1.446530818939209,28.93061059266206
1001.0,504695550.0,2025-11-16,2025-11-14,VSC,4,ConVac 12 draw out electr. latched ver.,CDX6291204R5001,1351264204.0,3.0,2.1498137,0.8501863479614258,0.8501863479614258,28.339535485535695
1002.0,504695550.0,2025-11-16,2025-11-14,VSC,4,ConVac 12 fixed electrical latched ver.,CDX6291204R5011,1351264205.0,3.0,1.6875654,1.3124345541000366,1.3124345541000366,43.747803887399925
3781.0,504619245.0,2025-11-16,2025-11-14,VSC,13,ConVac 12 draw out mechan. latched ver.,CDX6291204R5002,1351264206.0,5.0,2.7602482,2.2397518157958984,2.2397518157958984,44.7950273569125
1910.0,504684646.0,2025-11-17,2025-11-14,VSC,1,"VSC/P 7,2kV-400A 110V SCO",CDX6090704R5003,1351264203.0,5.0,2.2721856,2.7278144359588623,2.7278144359588623,54.55627780792168
1001.0,504695804.0,2025-11-19,2025-11-17,VSC,1,ConVac 12 fix. mechnical latched version,CDX6291204R5012,1351264658.0,0.0,0.6166067,-0.6166067123413086,0.6166067123413086,61660671.23413086
1001.0,504698393.0,2025-11-19,2025-11-17,VSC,1,ConVac 7 fixed electrical latched ver.,CDX6290704R5011,1351264662.0,1.0,0.647031,0.3529689908027649,0.3529689908027649,35.29686378341271
1001.0,504699524.0,2025-11-19,2025-11-17,VSC,1,ConVac 7 fixed electrical latched ver.,CDX6290704R5011,1351264663.0,1.0,0.647031,0.3529689908027649,0.3529689908027649,35.29686378341271
1001.0,504698392.0,2025-11-19,2025-11-17,VSC,2,ConVac 12 fixed electrical latched ver.,CDX6291204R5011,1351264661.0,0.0,0.7883645,-0.7883645296096802,0.7883645296096802,78836452.96096802
1001.0,504697174.0,2025-11-19,2025-11-17,VSC,4,ConVac 12 fixed electrical latched ver.,CDX6291204R5011,1351264660.0,1.0,0.9886514,0.011348605155944824,0.011348605155944824,1.1348593807351017
1002.0,504695804.0,2025-11-19,2025-11-17,VSC,6,ConVac 7 fixed mechnical latched version,CDX6290704R5012,1351264659.0,1.0,1.2218063,-0.22180628776550293,0.22180628776550293,22.1806065959437
1001.0,504698394.0,2025-11-19,2025-11-17,VSC,10,ConVac 12 fix. mechnical latched version,CDX6291204R5012,1351264664.0,2.0,1.1679624,0.8320375680923462,0.8320375680923462,41.6018576036885
1001.0,504700276.0,2025-11-20,2025-11-18,VSC,2,ConVac 12 fixed electrical latched ver.,CDX6291204R5011,1351264870.0,0.0,0.72158104,-0.7215810418128967,0.7215810418128967,72158104.18128967
1001.0,504607699.0,2025-11-20,2025-11-18,VSC,2,ConVac 7 fixed electrical latched ver.,CDX6290704R5011,1351264872.0,3.0,0.8488041,2.1511958837509155,2.1511958837509155,71.70650555619534
1001.0,504698394.0,2025-11-20,2025-11-18,VSC,26,ConVac 12 fix. mechnical latched version,CDX6291204R5012,1351264871.0,1.0,1.28623,-0.2862299680709839,0.2862299680709839,28.622968184130205
2005.0,75194010.0,2025-11-21,2025-11-18,VSC,1,NPP V7/ZVC Mechanically Latched,CDX6210704R5004,1351264869.0,30.0,6.059583,23.94041681289673,23.94041681289673,79.8013867162762
1001.0,504672257.0,2025-11-21,2025-11-19,VSC,8,ConVac 7 draw out mechan latched UniSafe,CDX6290704R5004,1351265417.0,1.0,1.9519122,-0.9519121646881104,0.9519121646881104,95.19112127768976
1001.0,504702061.0,2025-11-21,2025-11-19,VSC,11,ConVac 12 fixed electrical latched ver.,CDX6291204R5011,1351265416.0,1.0,1.2878404,-0.2878403663635254,0.2878403663635254,28.78400785234469
1001.0,504702056.0,2025-11-22,2025-11-19,VSC,1,VSC/P 12kV-400A 220V SCO,CDX6091204R5001,1351265415.0,1.0,1.6335893,-0.6335892677307129,0.6335892677307129,63.358863414207875
1001.0,504705069.0,2025-11-22,2025-11-20,VSC,2,ConVac 12 draw out electr. latched ver.,CDX6291204R5001,1351265627.0,1.0,2.036089,-1.0360889434814453,1.0360889434814453,103.60879073935381
1002.0,504703532.0,2025-11-22,2025-11-20,VSC,1,"VSC 7,2kV-400A 220V DCO Fixed Ver.",CDX6090704R5012,1351265625.0,1.0,0.9457907,0.05420929193496704,0.05420929193496704,5.420923772572932
1001.0,504703532.0,2025-11-22,2025-11-20,VSC,2,"VSC 7,2kV-400A 24-60V SCO Fixed Ver.",CDX6090704R5015,1351265624.0,1.0,1.0324237,-0.03242373466491699,0.03242373466491699,3.2423702241214754
1502.0,504631410.0,2025-11-22,2025-11-20,VSC,2,ConVac 12 draw out electr. latched ver.,CDX6291204R5001,1351265626.0,0.0,2.036089,-2.0360889434814453,2.0360889434814453,203608894.34814453
1002.0,504705069.0,2025-11-22,2025-11-20,VSC,2,ConVac 12 fixed electrical latched ver.,CDX6291204R5011,1351265628.0,1.0,0.8846907,0.11530929803848267,0.11530929803848267,11.530918272929995
1001.0,504705065.0,2025-11-22,2025-11-20,VSC,3,ConVac 7 fixed electrical latched ver.,CDX6290704R5011,1351265622.0,0.0,1.3110479,-1.311047911643982,1.311047911643982,131104791.1643982
1001.0,504705264.0,2025-11-22,2025-11-20,VSC,3,"VSC 7,2kV-400A 220V DCO Fixed Ver.",CDX6090704R5012,1351265630.0,1.0,1.1488762,-0.14887619018554688,0.14887619018554688,14.887604130950557
2001.0,504703533.0,2025-11-23,2025-11-20,VSC,2,VSC/P 12kV-400A 220V DCO,CDX6091204R5002,1351265623.0,0.0,1.8804417,-1.880441665649414,1.880441665649414,188044166.5649414
1003.0,504705069.0,2025-11-22,2025-11-20,VSC,2,ConVac 7 fixed mechnical latched version,CDX6290704R5012,1351265629.0,1.0,0.9801341,0.019865870475769043,0.019865870475769043,1.9865850609918436
1001.0,504705726.0,2025-11-23,2025-11-21,VSC,5,ConVac 7 draw out mechan latched UniSafe,CDX6290704R5004,1351266158.0,2.0,2.2333863,-0.23338627815246582,0.23338627815246582,11.669308072969253
1001.0,504703398.0,2025-11-23,2025-11-21,VSC,24,VSC 12kV-400A 220V SCO Fixed Ver.,CDX6091204R5011,1351266157.0,3.0,2.0239444,0.9760556221008301,0.9760556221008301,32.53517655830215
2001.0,504653900.0,2025-11-24,2025-11-21,VSC,2,VSC/P 12kV-400A 220V DCO,CDX6091204R5002,1351266159.0,1.0,2.216858,-1.21685791015625,1.21685791015625,121.68566932995569
1001.0,504707332.0,2025-11-26,2025-11-24,VSC,2,ConVac 12 fixed electrical latched ver.,CDX6291204R5011,1351266604.0,0.0,0.6808853,-0.6808853149414062,0.6808853149414062,68088531.49414062
1001.0,504707828.0,2025-11-26,2025-11-24,VSC,1,ConVac 12 fixed electrical latched ver.,CDX6291204R5011,1351266605.0,0.0,0.39708966,-0.3970896601676941,0.3970896601676941,39708966.01676941
4001.0,504706255.0,2025-11-24,2025-11-22,VSC,7,ConVac 12 fix. mechnical latched version,CDX6291204R5012,1351266506.0,1.0,2.0512757,-1.0512757301330566,1.0512757301330566,105.12746788583777
4002.0,504706255.0,2025-11-26,2025-11-24,VSC,15,ConVac 7 draw out mechan. latched ver.,CDX6290704R5002,1351266602.0,2.0,2.089761,-0.08976101875305176,0.08976101875305176,4.488048693628241
1001.0,504672257.0,2025-11-26,2025-11-21,VSC,20,ConVac 7 draw out mechan latched UniSafe,CDX6290704R5004,1351266505.0,4.0,2.4380276,1.5619723796844482,1.5619723796844482,39.04929972978628
1001.0,504672258.0,2025-11-26,2025-11-24,VSC,15,ConVac 7 draw out mechan latched UniSafe,CDX6290704R5004,1351266603.0,2.0,2.0601265,-0.060126543045043945,0.060126543045043945,3.0063256490893724
8001.0,504660065.0,2025-11-28,2025-11-26,VSC,20,ConVac 12 draw out mechan. latched ver.,CDX6291204R5002,1351266994.0,2.0,2.0791256,-0.07912564277648926,0.07912564277648926,3.956280160684382
1001.0,504711398.0,2025-11-28,2025-11-26,VSC,1,VSC 12kV-400A 220V SCO Fixed Ver.,CDX6091204R5011,1351266996.0,1.0,0.8098608,0.19013917446136475,0.19013917446136475,19.013898432238044
1001.0,504672258.0,2025-11-27,2025-11-25,VSC,13,ConVac 7 draw out mechan latched UniSafe,CDX6290704R5004,1351266887.0,2.0,2.1653693,-0.16536927223205566,0.16536927223205566,8.268459477373044
1001.0,504707331.0,2025-11-28,2025-11-26,VSC,8,ConVac 12 fix. mechnical latched version,CDX6291204R5012,1351266995.0,1.0,1.3683033,-0.3683032989501953,0.3683032989501953,36.83029306472647
1002.0,504708081.0,2025-11-27,2025-11-25,VSC,6,ConVac 12 fixed electrical latched ver.,CDX6291204R5011,1351266890.0,1.0,1.0952389,-0.09523892402648926,0.09523892402648926,9.523882878766047
1001.0,504708081.0,2025-11-27,2025-11-25,VSC,4,ConVac 12 fixed electrical latched ver.,CDX6291204R5011,1351266889.0,1.0,1.0016835,-0.0016834735870361328,0.0016834735870361328,0.16834719035642295
1001.0,504707333.0,2025-11-27,2025-11-25,VSC,8,ConVac 12 fix. mechnical latched version,CDX6291204R5012,1351266888.0,0.0,1.1267152,-1.1267151832580566,1.1267151832580566,112671518.32580566
1001.0,504712862.0,2025-11-29,2025-11-27,VSC,1,VSC 12kV-400A 110V SCO Fixed Ver.,CDX6091204R5013,1351267573.0,0.0,1.0017191,-1.0017191171646118,1.0017191171646118,100171911.71646118
1001.0,504712861.0,2025-11-29,2025-11-27,VSC,6,ConVac 12 fix. mechnical latched version,CDX6291204R5012,1351267571.0,1.0,1.2937771,-0.29377710819244385,0.29377710819244385,29.37768144156295
1001.0,504695531.0,2025-11-29,2025-11-27,VSC,4,ConVac 7 fixed electrical latched ver.,CDX6290704R5011,1351267568.0,0.0,1.1443872,-1.1443872451782227,1.1443872451782227,114438724.51782227
1001.0,504712002.0,2025-11-29,2025-11-27,VSC,3,ConVac 12 fix. mechnical latched version,CDX6291204R5012,1351267572.0,0.0,1.0833819,-1.0833818912506104,1.0833818912506104,108338189.12506104
1001.0,504712004.0,2025-11-29,2025-11-27,VSC,1,ConVac 12 fixed electrical latched ver.,CDX6291204R5011,1351267569.0,0.0,0.8251743,-0.8251742720603943,0.8251742720603943,82517427.20603943
2001.0,504712004.0,2025-11-29,2025-11-27,VSC,1,"VSC 7,2kV-400A 220V SCO Fixed Ver.",CDX6090704R5011,1351267570.0,0.0,0.99953437,-0.9995343685150146,0.9995343685150146,99953436.85150146
2501.0,504488223.0,2025-11-30,2025-11-28,VSC,7,ConVac 7 draw out electr. latched ver.,CDX6290704R5001,1351266847.0,4.0,2.4208696,1.5791304111480713,1.5791304111480713,39.47825040913918
1502.0,504381023.0,2025-12-01,2025-11-28,VSC,9,VSC/P 12kV-400A 110V SCO,CDX6091204R5003,1351266848.0,3.0,2.4091198,0.5908801555633545,0.5908801555633545,19.695998620112277
1001.0,504714721.0,2025-11-30,2025-11-28,VSC,1,ConVac 12 fixed electrical latched ver.,CDX6291204R5011,1351266849.0,0.0,1.0314529,-1.0314528942108154,1.0314528942108154,103145289.42108154
1002.0,504714721.0,2025-11-30,2025-11-28,VSC,2,ConVac 12 fixed electrical latched ver.,CDX6291204R5011,1351266850.0,0.0,1.3397069,-1.3397068977355957,1.3397068977355957,133970689.77355957
1502.0,504381023.0,2025-12-02,2025-11-29,VSC,15,VSC/P 12kV-400A 110V SCO,CDX6091204R5003,1351267284.0,3.0,2.5390058,0.46099424362182617,0.46099424362182617,15.36646966523765
1001.0,504718248.0,2025-12-01,2025-11-29,VSC,2,ConVac 12 fixed electrical latched ver.,CDX6291204R5011,1351267283.0,0.0,0.9786191,-0.9786190986633301,0.9786190986633301,97861909.86633301
1001.0,504721526.0,2025-12-03,2025-12-01,VSC,1,VSC 12kV-400A 220V DCO Fixed Ver.,CDX6091204R5012,1351268401.0,1.0,0.7742202,0.22577977180480957,0.22577977180480957,22.577954602526358
1002.0,504721526.0,2025-12-03,2025-12-01,VSC,1,VSC 12kV-400A 220V SCO Fixed Ver.,CDX6091204R5011,1351268402.0,0.0,1.0957901,-1.095790147781372,1.095790147781372,109579014.7781372
1001.0,504705725.0,2025-12-03,2025-12-01,VSC,10,VSC 12kV-400A 220V DCO Fixed Ver.,CDX6091204R5012,1351268259.0,1.0,1.4231126,-0.4231126308441162,0.4231126308441162,42.31122077319085
1001.0,504715442.0,2025-12-03,2025-12-01,VSC,10,ConVac 12 fixed electrical latched ver.,CDX6291204R5011,1351268400.0,1.0,1.2924203,-0.29242026805877686,0.29242026805877686,29.241997563880123
1001.0,504722026.0,2025-12-04,2025-12-02,VSC,1,ConVac 7 draw out mechan. latched ver.,CDX6290704R5002,1351268454.0,1.0,1.3436085,-0.3436084985733032,0.3436084985733032,34.36081549651483
1001.0,504721527.0,2025-12-04,2025-12-02,VSC,1,"VSC 7,2kV-400A 220V SCO Fixed Ver.",CDX6090704R5011,1351268452.0,2.0,0.943396,1.056604027748108,1.056604027748108,52.8301749723179
1001.0,504721538.0,2025-12-04,2025-12-02,VSC,1,"VSC 7,2kV-400A 220V SCO Fixed Ver.",CDX6090704R5011,1351268453.0,1.0,0.943396,0.05660402774810791,0.05660402774810791,5.660397114413676
1001.0,504718599.0,2025-12-04,2025-12-02,VSC,2,"VSC 7,2kV-400A 220V SCO Fixed Ver.",CDX6090704R5011,1351268448.0,2.0,0.9571044,1.0428956151008606,1.0428956151008606,52.144754682665685
1001.0,504707335.0,2025-12-04,2025-12-02,VSC,10,ConVac 7 draw out electr. latched ver.,CDX6290704R5001,1351268449.0,2.0,2.1539996,-0.15399956703186035,0.15399956703186035,7.699974501605766
1001.0,504720453.0,2025-12-05,2025-12-02,VSC,1,"VSC/P 7,2kV-400A 110V DCO",CDX6090704R5004,1351268447.0,2.0,1.430081,0.5699189901351929,0.5699189901351929,28.49593525879201
1001.0,504707336.0,2025-12-04,2025-12-02,VSC,2,ConVac 7 draw out electr. latched ver.,CDX6290704R5001,1351268450.0,0.0,1.6077732,-1.6077731847763062,1.6077731847763062,160777318.47763062
1002.0,504683725.0,2025-12-05,2025-12-03,VSC,1,ConVac 12 fix. mechnical latched version,CDX6291204R5012,1351268943.0,0.0,0.72348607,-0.723486065864563,0.723486065864563,72348606.5864563
1001.0,504683725.0,2025-12-05,2025-12-03,VSC,2,ConVac 12 fix. mechnical latched version,CDX6291204R5012,1351268942.0,0.0,0.783122,-0.7831220030784607,0.7831220030784607,78312200.30784607
1001.0,504713776.0,2025-12-05,2025-12-03,VSC,10,ConVac 12 fixed electrical latched ver.,CDX6291204R5011,1351268940.0,0.0,1.2225932,-1.2225931882858276,1.2225931882858276,122259318.82858276
1001.0,504722027.0,2025-12-05,2025-12-03,VSC,20,ConVac 12 fixed electrical latched ver.,CDX6291204R5011,1351268944.0,1.0,1.3640782,-0.364078164100647,0.364078164100647,36.407780002284696
1781.0,504711911.0,2025-12-06,2025-12-03,VSC,4,VSC/P 12kV-400A 220V DCO,CDX6091204R5002,1351268941.0,7.0,1.72492,5.275079965591431,5.275079965591431,75.35827445726694
3502.0,504488223.0,2025-12-06,2025-12-04,VSC,3,ConVac 7 draw out mechan. latched ver.,CDX6290704R5002,1351268498.0,1.0,1.760152,-0.7601519823074341,0.7601519823074341,76.0151222156212
1001.0,504705263.0,2025-12-06,2025-12-04,VSC,20,ConVac 12 fix. mechnical latched version,CDX6291204R5012,1351269220.0,4.0,1.3432264,2.656773567199707,2.656773567199707,66.41932257516203
1001.0,504722874.0,2025-12-06,2025-12-04,VSC,1,ConVac 12 fixed electrical latched ver.,CDX6291204R5011,1351268496.0,0.0,0.7510723,-0.7510722875595093,0.7510722875595093,75107228.75595093
1001.0,504695532.0,2025-12-06,2025-12-04,VSC,6,ConVac 7 fixed electrical latched ver.,CDX6290704R5011,1351268499.0,0.0,1.259775,-1.2597750425338745,1.2597750425338745,125977504.25338745
1001.0,504722912.0,2025-12-07,2025-12-04,VSC,1,VSC/P 12kV-400A 220V SCO,CDX6091204R5001,1351268497.0,4.0,1.5293292,2.4706708192825317,2.4706708192825317,61.766755040374534
1001.0,504723498.0,2025-12-10,2025-12-08,VSC,3,"VSC 7,2kV-400A 220V DCO Fixed Ver.",CDX6090704R5012,1351269593.0,3.0,1.000773,1.9992270469665527,1.9992270469665527,66.6408793519253
1001.0,504724905.0,2025-12-07,2025-12-05,VSC,1,VSC-S/GB 12kV-400A SCO Fixed Ver.,CDX6091204R5017,1351269619.0,4.0,1.2692025,2.730797529220581,2.730797529220581,68.26992116303423
1001.0,504722917.0,2025-12-07,2025-12-05,VSC,6,ConVac 12 fixed electrical latched ver.,CDX6291204R5011,1351269621.0,4.0,1.5856625,2.4143375158309937,2.4143375158309937,60.358422806169145
1001.0,504705263.0,2025-12-07,2025-12-05,VSC,26,ConVac 12 fix. mechnical latched version,CDX6291204R5012,1351269620.0,4.0,1.8926913,2.1073087453842163,2.1073087453842163,52.68270546392904
1002.0,504712003.0,2025-12-10,2025-12-08,VSC,2,ConVac 12 fix. mechnical latched version,CDX6291204R5012,1351269596.0,1.0,0.7799539,0.22004610300064087,0.22004610300064087,22.004588295475795
1910.0,504717942.0,2025-12-10,2025-12-08,VSC,2,"VSC 7,2kV-400A 220V DCO Fixed Ver.",CDX6090704R5012,1351269591.0,0.0,0.93502533,-0.9350253343582153,0.9350253343582153,93502533.43582153
1001.0,504712003.0,2025-12-10,2025-12-08,VSC,3,ConVac 12 fix. mechnical latched version,CDX6291204R5012,1351269595.0,2.0,0.9836354,1.016364574432373,1.016364574432373,50.818203312517
2001.0,504694102.0,2025-12-11,2025-12-08,VSC,1,VSC/P 12kV-400A 110V DCO,CDX6091204R5004,1351269592.0,2.0,1.6741086,0.325891375541687,0.325891375541687,16.29456062980403
1910.0,504688246.0,2025-12-11,2025-12-08,VSC,1,VSC/P 12kV-400A 110V DCO,CDX6091204R5004,1351269594.0,2.0,1.6572654,0.34273457527160645,0.34273457527160645,17.136720195220224
2781.0,504711911.0,2025-12-11,2025-12-08,VSC,4,VSC/P 12kV-400A 220V DCO,CDX6091204R5002,1351269590.0,2.0,1.8285147,0.1714853048324585,0.1714853048324585,8.574260954492447
1001.0,504705262.0,2025-12-11,2025-12-09,VSC,24,ConVac 12 fix. mechnical latched version,CDX6291204R5012,1351269598.0,7.0,1.2658713,5.734128713607788,5.734128713607788,81.91611277780943
1001.0,504723600.0,2025-12-10,2025-12-08,VSC,3,ConVac 7 fixed electrical latched ver.,CDX6290704R5011,1351269597.0,2.0,0.9480961,1.0519039034843445,1.0519039034843445,52.59516887663278
1001.0,504727559.0,2025-12-11,2025-12-09,VSC,4,ConVac 7 fixed electrical latched ver.,CDX6290704R5011,1351270348.0,0.0,0.9956075,-0.9956074953079224,0.9956074953079224,99560749.53079224
1001.0,504731279.0,2025-12-12,2025-12-10,VSC,1,VSC 12kV-400A 220V DCO Fixed Ver.,CDX6091204R5012,1351270918.0,1.0,0.78150153,0.21849846839904785,0.21849846839904785,21.849824990079796
1001.0,504727570.0,2025-12-12,2025-12-10,VSC,1,ConVac 7 fixed mechnical latched version,CDX6290704R5012,1351270913.0,0.0,0.71138257,-0.7113825678825378,0.7113825678825378,71138256.78825378
1910.0,504722004.0,2025-12-12,2025-12-10,VSC,1,VSC 12kV-400A 220V DCO Fixed Ver.,CDX6091204R5012,1351270919.0,1.0,0.78150153,0.21849846839904785,0.21849846839904785,21.849824990079796
1001.0,504727569.0,2025-12-12,2025-12-10,VSC,10,ConVac 12 fix. mechnical latched version,CDX6291204R5012,1351270917.0,0.0,1.253198,-1.2531980276107788,1.2531980276107788,125319802.76107788
1002.0,504727570.0,2025-12-12,2025-12-10,VSC,1,ConVac 12 fixed electrical latched ver.,CDX6291204R5011,1351270914.0,0.0,0.7444734,-0.744473397731781,0.744473397731781,74447339.7731781
2001.0,504712850.0,2025-12-12,2025-12-10,VSC,10,ConVac 12 draw out electr. latched ver.,CDX6291204R5001,1351270920.0,0.0,1.9844353,-1.9844353199005127,1.9844353199005127,198443531.99005127
2001.0,504727565.0,2025-12-13,2025-12-10,VSC,1,"VSC/P 7,2kV-400A 110V SCO",CDX6090704R5003,1351270916.0,1.0,1.6577578,-0.6577577590942383,0.6577577590942383,65.7757101337137
1001.0,504725928.0,2025-12-12,2025-12-10,VSC,9,ConVac 12 fixed electrical latched ver.,CDX6291204R5011,1351270912.0,1.0,1.253198,-0.2531980276107788,0.2531980276107788,25.319777441300438
1781.0,504725621.0,2025-12-12,2025-12-10,VSC,4,ConVac 12 draw out mechan. latched ver.,CDX6291204R5002,1351270915.0,1.0,1.6937296,-0.6937296390533447,0.6937296390533447,69.37289453243994
1001.0,504732243.0,2025-12-13,2025-12-11,VSC,2,ConVac 12 fix. mechnical latched version,CDX6291204R5012,1351269896.0,0.0,0.8621086,-0.862108588218689,0.862108588218689,86210858.8218689
1001.0,504727571.0,2025-12-13,2025-12-11,VSC,5,ConVac 12 fixed electrical latched ver.,CDX6291204R5011,1351269897.0,1.0,1.14559,-0.1455899477005005,0.1455899477005005,14.558980211069839
2002.0,504712850.0,2025-12-13,2025-12-11,VSC,28,ConVac 12 draw out electr. latched ver.,CDX6291204R5001,1351269898.0,6.0,2.1518104,3.84818959236145,3.84818959236145,64.13648251661041
2505.0,504547272.0,2025-12-14,2025-12-11,VSC,1,"VSC/P 7,2kV-400A 110V SCO",CDX6090704R5003,1351269894.0,4.0,2.0326154,1.9673845767974854,1.9673845767974854,49.184602123786604
3505.0,504547272.0,2025-12-14,2025-12-11,VSC,2,"VSC/P 7,2kV-400A 110V SCO",CDX6090704R5003,1351269895.0,4.0,1.841387,2.1586129665374756,2.1586129665374756,53.965310672109226
1501.0,504555833.0,2025-12-14,2025-12-12,VSC,9,ConVac 12 draw out mechan. latched ver.,CDX6291204R5002,1351271314.0,3.0,2.521662,0.47833800315856934,0.47833800315856934,15.944594790420712
2001.0,504712850.0,2025-12-14,2025-12-12,VSC,17,ConVac 12 draw out electr. latched ver.,CDX6291204R5001,1351271316.0,6.0,2.7833557,3.216644287109375,3.216644287109375,53.61072918336806
1002.0,504727571.0,2025-12-14,2025-12-12,VSC,5,ConVac 12 fixed electrical latched ver.,CDX6291204R5011,1351271315.0,0.0,1.5295537,-1.5295536518096924,1.5295536518096924,152955365.18096924
1001.0,504733091.0,2025-12-18,2025-12-15,VSC,4,"VSC/P 7,2kV-400A 110V DCO",CDX6090704R5004,1351271912.0,1.0,1.799417,-0.7994170188903809,0.7994170188903809,79.94162194741614
1501.0,504555882.0,2025-12-17,2025-12-15,VSC,6,ConVac 12 draw out mechan. latched ver.,CDX6291204R5002,1351271911.0,2.0,1.9042101,0.09578990936279297,0.09578990936279297,4.789493073393111
1001.0,504732684.0,2025-12-17,2025-12-15,VSC,5,ConVac 7 fixed mechnical latched version,CDX6290704R5012,1351271913.0,1.0,1.1566768,-0.1566767692565918,0.1566767692565918,15.667661257997922
1001.0,504733531.0,2025-12-17,2025-12-15,VSC,1,VSC 12kV-400A 220V DCO Fixed Ver.,CDX6091204R5012,1351271915.0,1.0,0.7967738,0.2032262086868286,0.2032262086868286,20.322600546082317
1001.0,504733525.0,2025-12-17,2025-12-15,VSC,2,ConVac 12 fixed electrical latched ver.,CDX6291204R5011,1351271914.0,0.0,0.6919007,-0.6919006705284119,0.6919006705284119,69190067.05284119
1781.0,504731672.0,2025-12-17,2025-12-15,VSC,2,ConVac 7 draw out electr. latched ver.,CDX6290704R5001,1351271916.0,0.0,1.6025255,-1.6025254726409912,1.6025254726409912,160252547.26409912
2001.0,504733532.0,2025-12-18,2025-12-16,VSC,1,VSC 12kV-400A 220V DCO Fixed Ver.,CDX6091204R5012,1351272306.0,0.0,0.78150153,-0.7815015316009521,0.7815015316009521,78150153.16009521
1001.0,504728912.0,2025-12-18,2025-12-16,VSC,3,ConVac 7 fixed electrical latched ver.,CDX6290704R5011,1351272293.0,0.0,0.9239479,-0.9239478707313538,0.9239478707313538,92394787.07313538
1910.0,504690290.0,2025-12-18,2025-12-16,VSC,1,VSC 12kV-400A 110V SCO Fixed Ver.,CDX6091204R5013,1351272294.0,0.0,0.8002929,-0.8002929091453552,0.8002929091453552,80029290.91453552
1001.0,504736764.0,2025-12-18,2025-12-16,VSC,1,ConVac 12 fix. mechnical latched version,CDX6291204R5012,1351272299.0,1.0,0.7508917,0.24910831451416016,0.24910831451416016,24.910806540609475
1001.0,504732108.0,2025-12-18,2025-12-16,VSC,1,ConVac 7 fixed electrical latched ver.,CDX6290704R5011,1351272301.0,1.0,0.8018691,0.19813090562820435,0.19813090562820435,19.813070749749688
1002.0,504732108.0,2025-12-18,2025-12-16,VSC,1,ConVac 7 fixed electrical latched ver.,CDX6290704R5011,1351272302.0,1.0,0.8018691,0.19813090562820435,0.19813090562820435,19.813070749749688
1001.0,504733532.0,2025-12-18,2025-12-16,VSC,2,ConVac 12 fixed electrical latched ver.,CDX6291204R5011,1351272305.0,2.0,0.80555314,1.194446861743927,1.194446861743927,59.72231322603974
1001.0,504740683.0,2025-12-18,2025-12-16,VSC,4,ConVac 12 fixed electrical latched ver.,CDX6291204R5011,1351272303.0,3.0,1.0016835,1.9983165264129639,1.9983165264129639,66.61052867692257
1001.0,504712866.0,2025-12-18,2025-12-16,VSC,5,ConVac 12 fixed electrical latched ver.,CDX6291204R5011,1351272300.0,2.0,1.0421383,0.9578616619110107,0.9578616619110107,47.893059149020964
1001.0,504736416.0,2025-12-18,2025-12-16,VSC,6,ConVac 12 fix. mechnical latched version,CDX6291204R5012,1351272297.0,1.0,1.0952389,-0.09523892402648926,0.09523892402648926,9.523882878766047
1001.0,504734892.0,2025-12-19,2025-12-16,VSC,1,"VSC/P 7,2kV-400A 220V DCO",CDX6090704R5002,1351272304.0,1.0,1.4237685,-0.4237685203552246,0.4237685203552246,42.37680965871281
1781.0,503178123.0,2025-12-19,2025-12-16,VSC,3,"VSC/P 7,2kV-400A 110V DCO",CDX6090704R5004,1351272295.0,2.0,1.7785553,0.2214447259902954,0.2214447259902954,11.072230763399387
1782.0,503178123.0,2025-12-19,2025-12-16,VSC,2,"VSC/P 7,2kV-400A 110V DCO",CDX6090704R5004,1351272296.0,1.0,1.7905319,-0.7905318737030029,0.7905318737030029,79.05310831719198
2001.0,504736416.0,2025-12-18,2025-12-16,VSC,1,ConVac 12 fixed electrical latched ver.,CDX6291204R5011,1351272298.0,1.0,0.7055099,0.29449009895324707,0.29449009895324707,29.448980446344265
1001.0,504740680.0,2025-12-19,2025-12-17,VSC,2,ConVac 12 draw out electr. latched ver.,CDX6291204R5001,1351272646.0,0.0,1.7679411,-1.7679411172866821,1.7679411172866821,176794111.7286682
1001.0,504736429.0,2025-12-19,2025-12-17,VSC,5,ConVac 12 fixed electrical latched ver.,CDX6291204R5011,1351272645.0,1.0,1.0895432,-0.08954322338104248,0.08954322338104248,8.954313383790865
1001.0,504732683.0,2025-12-19,2025-12-17,VSC,16,ConVac 12 fix. mechnical latched version,CDX6291204R5012,1351272647.0,2.0,1.2798473,0.720152735710144,0.720152735710144,36.00761878169781
1781.0,504725637.0,2025-12-20,2025-12-17,VSC,5,"VSC/P 7,2kV-400A 110V DCO",CDX6090704R5004,1351272644.0,1.0,1.8570977,-0.8570977449417114,0.8570977449417114,85.70968878448237
1501.0,504555905.0,2025-12-20,2025-12-18,VSC,9,ConVac 12 draw out mechan. latched ver.,CDX6291204R5002,1351273040.0,4.0,2.2222703,1.7777297496795654,1.7777297496795654,44.443232631180976
1001.0,504736418.0,2025-12-21,2025-12-19,VSC,1,ConVac 7 fixed electrical latched ver.,CDX6290704R5011,1351273418.0,0.0,0.99672854,-0.9967285394668579,0.9967285394668579,99672853.94668579
1001.0,504732683.0,2025-12-21,2025-12-19,VSC,16,ConVac 12 fix. mechnical latched version,CDX6291204R5012,1351273415.0,4.0,1.9592426,2.040757417678833,2.040757417678833,51.018922687240156
1001.0,504734893.0,2025-12-21,2025-12-19,VSC,3,ConVac 12 fixed electrical latched ver.,CDX6291204R5011,1351273417.0,2.0,1.3609393,0.6390607357025146,0.6390607357025146,31.953020808615324
1001.0,504734093.0,2025-12-21,2025-12-19,VSC,8,VSC 12kV-400A 220V SCO Fixed Ver.,CDX6091204R5011,1351273416.0,4.0,1.9429189,2.05708110332489,2.05708110332489,51.42701472636857
1003.0,504736418.0,2025-12-21,2025-12-19,VSC,3,ConVac 12 fix. mechnical latched version,CDX6291204R5012,1351273419.0,4.0,1.5205436,2.4794564247131348,2.4794564247131348,61.986395121229585
5504.0,504547272.0,2025-12-25,2025-12-22,VSC,6,"VSC/P 7,2kV-400A 110V SCO",CDX6090704R5003,1351273629.0,1.0,1.9101112,-0.9101111888885498,0.9101111888885498,91.0110278778271
1001.0,504723497.0,2025-12-24,2025-12-22,VSC,2,ConVac 7 fixed electrical latched ver.,CDX6290704R5011,1351273637.0,1.0,0.88461256,0.1153874397277832,0.1153874397277832,11.538732434045887
1001.0,504724477.0,2025-12-22,2025-12-20,VSC,1,VSC 12kV-400A 24-60V SCO Fixed Ver.,CDX6091204R5015,1351273573.0,2.0,1.0221964,0.9778035879135132,0.9778035879135132,48.89015495059818
1002.0,504736418.0,2025-12-22,2025-12-20,VSC,6,ConVac 12 fixed electrical latched ver.,CDX6291204R5011,1351273572.0,3.0,1.6165632,1.3834367990493774,1.3834367990493774,46.114544596797714
3501.0,504555905.0,2025-12-22,2025-12-20,VSC,9,ConVac 12 draw out mechan. latched ver.,CDX6291204R5002,1351273574.0,4.0,2.261673,1.7383270263671875,1.7383270263671875,43.458164794638485
1001.0,504732683.0,2025-12-22,2025-12-20,VSC,16,ConVac 12 fix. mechnical latched version,CDX6291204R5012,1351273571.0,3.0,1.9994062,1.0005937814712524,1.0005937814712524,33.35311493133677
1002.0,504741259.0,2025-12-24,2025-12-22,VSC,1,"VSC 7,2kV-400A 220V SCO Fixed Ver.",CDX6090704R5011,1351273633.0,1.0,0.8025184,0.19748157262802124,0.19748157262802124,19.74813751466461
1001.0,504742645.0,2025-12-24,2025-12-22,VSC,2,ConVac 7 fixed electrical latched ver.,CDX6290704R5011,1351273638.0,1.0,0.88461256,0.1153874397277832,0.1153874397277832,11.538732434045887
1001.0,504492011.0,2025-12-24,2025-12-22,VSC,6,ConVac 12 fix. mechnical latched version,CDX6291204R5012,1351273636.0,0.0,1.1643366,-1.1643365621566772,1.1643365621566772,116433656.21566772
1001.0,504741655.0,2025-12-24,2025-12-22,VSC,12,ConVac 12 fixed electrical latched ver.,CDX6291204R5011,1351273634.0,1.0,1.1236472,-0.12364721298217773,0.12364721298217773,12.36470893350884
1001.0,504741259.0,2025-12-25,2025-12-22,VSC,1,"VSC/P 7,2kV-400A 220V DCO",CDX6090704R5002,1351273630.0,1.0,1.3780625,-0.37806248664855957,0.37806248664855957,37.8062108586451
1001.0,504743395.0,2025-12-25,2025-12-22,VSC,1,"VSC/P 7,2kV-400A 220V DCO",CDX6090704R5002,1351273631.0,1.0,1.3780625,-0.37806248664855957,0.37806248664855957,37.8062108586451
1001.0,504736761.0,2025-12-25,2025-12-22,VSC,1,"VSC/P 7,2kV-400A 220V SCO",CDX6090704R5001,1351273635.0,2.0,1.4461055,0.5538945198059082,0.5538945198059082,27.694712142939338
1001.0,504734908.0,2025-12-24,2025-12-22,VSC,3,"VSC 7,2kV-400A 220V DCO Fixed Ver.",CDX6090704R5012,1351273632.0,2.0,0.98225343,1.0177465677261353,1.0177465677261353,50.88730294265529
1001.0,504744644.0,2025-12-25,2025-12-23,VSC,4,ConVac 12 draw out mechan. latched ver.,CDX6291204R5002,1351273863.0,1.0,2.1133893,-1.113389253616333,1.113389253616333,111.33881402281929
1001.0,504742117.0,2025-12-25,2025-12-23,VSC,2,ConVac 12 fixed electrical latched ver.,CDX6291204R5011,1351273861.0,0.0,0.76677334,-0.7667733430862427,0.7667733430862427,76677334.30862427
